source_id,right_ascension,declination,parallax,parallax_error,proper_motion_ra,pmra_error,proper_motion_dec,pmdec_error,radial_velocity,radial_velocity_error,g_mean_mag,bp_mean_mag,rp_mean_mag,effective_temperature,surface_gravity,metallicity,radius,luminosity,galactic_longitude,galactic_latitude,v_mag
2443383774886310528,3.817620171256261,-6.13844024958252,6.344636098415746,0.031243991,-35.96108684401696,0.047078673,-50.839542475153934,0.023402004,22.838547,0.12425724,7.474566,7.990786,6.7984724,4967.5005,2.9829,-0.0704,6.7605634,24.972954,99.02944560760633,-67.31637993072293,1.7789897449338685
2541687192515862912,4.273215563556098,-1.6529651316582081,4.653733560540117,0.17601426,20.99659326473927,0.22302535,10.94963178113728,0.14456847,45.46819,0.20134102,8.174554,8.574736,7.5806885,5859.4336,3.3673,-0.3401,5.595217,20.711227,103.58406333129749,-63.227261828865906,1.7254801417748111
419139506169426944,4.550438047982625,52.412327040435954,8.555329199967183,0.106061585,-19.858197414593143,0.07709241,-50.81008501601467,0.090906166,-35.770527,0.12001486,7.848466,8.338496,7.1822014,,,,,,117.79454000622421,-10.127580982532308,2.786439158114795
2768172019308167296,4.821449515747088,14.054680583980472,5.201773564189012,0.034112625,74.47200289726968,0.034120847,-17.069432972587904,0.027163755,-9.976354,0.12374042,8.115517,8.584265,7.4784317,5042.897,3.1529,-0.1002,5.6132765,18.358213,111.21656620163999,-48.08435371034212,1.951933280676982
2364170902772821888,8.146418351624176,-18.10906471660649,7.840755847911542,0.030882616,29.73586481317352,0.03885984,14.009525257014774,0.028337782,10.371429,0.12830864,7.9214697,8.297762,7.370913,5863.292,3.7964,0.1334,3.1217344,10.375922,96.23541399367815,-79.9894074933853,2.5809580151004226
2363035828815476864,9.345605500372482,-19.565050236938756,2.6403384686298357,0.033987824,-1.9256989074432056,0.037922453,-5.7363602152442,0.028038785,-1.3355482,0.39777833,8.061262,8.49843,7.452172,5110.9297,2.7855,-0.1695,10.640865,69.49614,99.11120234086982,-81.77892411215682,0.4013775299556143
2557541493057378048,11.418129250527814,7.8450501078568005,7.449229983389154,0.025907664,-6.281062385188512,0.034635257,6.56568003816865,0.026827112,14.47603,0.12214303,7.587756,8.059903,6.9488406,4880.7554,2.9638,-0.3849,5.088103,14.328503,120.4420723699988,-54.998825132432074,2.2061226258058992
2377392804974771968,11.556796115092235,-11.45254972635623,11.225325110205059,0.0234192,-109.08947764415352,0.03397029,-39.162424018784456,0.02450372,-0.0015703527,0.12120831,7.507303,7.8630657,6.9757714,5748.3467,3.8973,-0.0266,2.622167,6.7715993,118.21565807830608,-74.27656440825022,2.9324813308311324
2376225982619175424,12.7762659045401,-12.927666834471184,4.987585045920697,0.027082743,24.40320409644734,0.034716714,-14.394450252576004,0.03046618,-11.549324,0.12279802,7.760713,8.273047,7.0894437,,,,,,122.60131089594036,-75.79920316418217,1.538743088626529
2788816827588309120,15.13831729297048,20.292308303944772,3.5833501271414074,0.029302632,3.2409065164830904,0.035469413,-40.207329531840315,0.024467463,-96.448616,0.13796787,7.8108635,8.323651,7.1342688,5045.528,2.7381,-0.1877,10.002593,58.39455,125.83274602899583,-42.52809448479063,0.8734143434303985
2577612120045309056,15.41499567542362,7.3052942503226985,6.43204754043985,0.08981596,-16.228317083987147,0.11575282,4.533755822273951,0.075050645,-23.292595,0.17521672,7.525338,7.9669113,6.908426,5119.4497,2.8741,-0.8993,5.899166,21.579626,127.40762702628382,-55.47759867119316,1.803696796293233
2581552907158148224,15.428762006961403,9.746191791926812,7.415241704870716,0.055692066,13.772214167845437,0.07107695,37.2702420876098,0.03793291,-15.056577,0.90379846,7.614181,8.067287,6.945013,5225.745,3.261,-0.1,4.913878,16.207428,127.14595692113423,-53.04144835662218,2.2272580025219813
5041629394561540096,18.783721257754443,-22.8994563790103,6.429604424891933,0.022553347,49.14312152918731,0.0287994,3.1146457775976497,0.015193562,55.517685,0.13109905,8.059963,8.520599,7.4291534,5672.763,3.3965,-0.0095,4.4667463,14.431211,175.9900731901455,-83.16786137359209,2.3506760105830025
5030097544812093952,19.634757760870748,-28.732930003794095,8.295308169894028,0.019936856,76.05479818462454,0.01769943,5.479400037928943,0.015176855,11.313385,0.12030008,7.6285114,8.13737,6.9593725,4889.6807,3.1753,-0.0192,4.82751,12.002101,229.50954528785468,-83.80367262290477,2.5088122509744206
2785706343553313408,19.8502123915784,18.137507803048518,6.6689807400499905,0.111569956,-75.00596354482283,0.1257789,-59.52399879641353,0.073060654,-36.84681,0.5119978,7.371665,7.8875113,6.696846,4724.341,2.8055,-0.1883,7.024552,22.146017,132.22086151662327,-44.229315845123665,1.7836291640932762
319946961581873280,20.907446015372845,34.24641348398133,18.057383162896336,0.11630751,244.72421293095806,0.12452738,123.35916581461964,0.09725275,10.582475,1.346886,6.062955,6.480004,5.4703903,,,,,,130.47426013486978,-28.153440044049116,2.563982114170707
2451577610414636672,20.761319991497437,-16.560022557634014,6.220312055306119,0.026062377,93.43851494710796,0.030249564,64.93743492844219,0.016437689,-6.6162663,0.12028787,7.5028934,7.967849,6.8665743,,,,,,159.25210078234568,-77.14527982661896,1.7257469194340136
320755579368807168,21.17917205716731,36.063554782941246,4.215069246633561,0.02245705,46.11608202262998,0.022580555,-78.57168999889151,0.021110749,9.2875595,0.13154276,7.5775657,8.099343,6.8927555,,,,,,130.43035925422973,-26.323187315658753,1.000280231255337
2585502078047111424,22.57803626331628,11.090898781013543,3.311048805598772,0.029202925,5.894115382009205,0.029069606,0.056724530636460914,0.018184109,27.960148,0.14003678,8.126802,8.659559,7.433543,5439.76,2.8828,-0.0217,8.737662,60.257923,138.07188745863087,-50.63456641926555,1.0340046069508584
5035157325523945856,22.55800910887658,-28.865478870669214,6.365785238034805,0.020642823,41.585358771664595,0.024163926,-9.55307172586937,0.011502905,11.299133,0.118635006,7.6993995,8.198729,7.0376425,4818.9844,2.8721,-0.2797,6.0998387,18.067438,226.65328044491446,-81.26483165364638,1.9974994278202638
2592090901476690048,22.97858508859396,16.046303055022893,9.782932439951807,0.046367127,2.6721061614405386,0.053870004,-147.58814442125987,0.031180138,-17.846788,4.6935186,7.5485463,8.027637,6.9014187,4901.8506,3.1291,-0.3783,3.9963765,9.221731,136.928195749601,-45.7225777796882,2.764984290198207
5036972859739884032,23.31645307778727,-25.667345196039015,3.216752916844869,0.031264246,59.068760466492535,0.034404267,-35.701254770323246,0.0160726,-16.334515,0.2072383,8.072125,8.58244,7.3973675,5047.345,2.7509,-0.1841,9.902869,57.334038,206.42139082498937,-80.52312585214449,0.8984335604171952
2478093948225693184,23.56805473888885,-6.27271569952592,3.3597636940691347,0.11625898,-7.66771367126694,0.1307697,-28.06900141086495,0.06303006,-27.352922,0.44033858,8.133636,8.617511,7.4851294,5027.823,3.0382,-0.1002,8.802907,44.59278,150.88093298219147,-66.7911815224295,1.0318501864107628
2452515150235766656,24.358960489758793,-15.997569873912145,7.596876327953761,0.13198067,70.85340093741516,0.14105982,21.48066427261191,0.11843558,49.391224,0.7459212,7.7618604,8.20423,7.1483603,5684.201,3.4042,0.02,4.4419265,11.418608,169.058198867436,-74.58290439809514,2.40061807481753
350486446801241088,25.20675328634521,45.018748668760544,6.270444445664258,0.034272555,-45.73725117258829,0.04084035,-45.243736259372646,0.02703563,-18.895021,0.46907946,7.8736296,8.352661,7.2274046,4916.0527,2.9521,-0.2728,5.469424,15.722309,132.02534436144433,-16.979185657312012,2.1238130681450147
2565548793861285248,25.098172293365323,7.086436017566721,5.730714812655623,0.26896757,8.995952263058705,0.31425756,-32.899510812314496,0.19575386,8.906401,2.4748921,7.9245334,8.42828,7.264008,4857.983,2.6226,-0.1037,5.990369,18.039017,143.7932163740059,-53.790676072508745,1.9957849582573384
2464004703148221696,25.2873578293706,-9.96872111021205,6.313492511485146,0.02341171,-1.3195853071153247,0.02728725,-32.961226758385955,0.022601621,20.72416,0.12789086,8.013971,8.510652,7.3574996,4852.079,3.1181,0.0349,5.1868305,13.443231,159.61823434122138,-69.21964328354228,2.290768447728522
2480152165273604736,25.514445799565642,-4.944380760086017,2.277584353670862,0.02061898,28.36260600350206,0.021909805,21.58479476082558,0.016310867,3.5515852,0.13040635,8.521914,9.007878,7.868298,5058.927,2.7292,-0.1917,10.836127,69.323425,153.70423105208917,-64.74755375691046,0.5789822320472294
2480297541326355584,26.490369411029736,-4.228829391755967,7.243457761136995,0.030290479,-17.224393915773675,0.02940039,-36.34044933108317,0.024354968,25.639961,0.12663104,7.871135,8.303643,7.266636,5123.0986,3.2768,-0.3851,4.301124,11.473987,154.91901292655427,-63.6617267048512,2.399088259660078
5038295950184756736,26.674260066017442,-24.013546284522697,8.516272869738703,0.030014275,150.40453654266258,0.027159944,96.4977100859297,0.017544856,10.347875,1.8853706,7.71872,8.223058,7.040909,4896.547,3.0772,-0.4404,4.33653,9.72577,201.9601023641751,-77.16299551154506,2.657911972007551
5134394159805515136,27.584908704129745,-23.771918960097025,5.392372617537357,0.07938935,58.22013576690027,0.08786937,-14.460857692255743,0.061232693,9.967393,0.39487222,8.215737,8.646847,7.610358,,,,,,202.02155836392527,-76.29614958374586,2.1026594975648707
345684982602131584,29.60193676353982,40.91363139115924,8.104564986152651,0.03769189,112.34465867821531,0.029194014,-8.407777848832053,0.031622283,-6.6728206,0.17600222,8.004547,8.437435,7.397776,5601.9463,3.5761,-0.0969,3.4691405,8.845405,136.345127916295,-20.207337139860392,2.777446205774303
346716874264268032,30.0896510758069,44.102658212485416,6.360160181103486,0.024445618,31.79798950195254,0.024685849,-12.603228084371603,0.031518254,-13.597552,0.13200751,7.402497,7.883395,6.7577424,5053.173,3.0485,-0.11,6.47426,24.614777,135.78644368748581,-17.042081645391427,1.6836941430846388
78635667164851072,29.944029569185396,15.957801219777851,5.9499597199365075,0.02513235,-28.15340428100845,0.029469123,-18.495813900958755,0.027243972,-18.330046,0.122816555,7.839402,8.217229,7.2847805,5980.9756,3.3942,-0.0499,4.315281,19.604477,145.98429900888195,-43.83380191790587,1.901628875978535
5121479777262042112,32.057641752008706,-24.695580312287266,6.74576075584026,0.021453857,43.81759071497956,0.017680444,-38.349467311072786,0.019528659,15.796489,0.13409956,8.171193,8.510989,7.657804,5936.969,3.703,0.322,3.0057545,10.10281,209.21550428002735,-72.57898905273163,2.4793228157380782
24570756281835392,35.8085083189933,10.83679877143091,8.453916990456412,0.026445273,-10.991700042297108,0.028588044,11.831459021184042,0.023263095,-8.270898,0.12664637,7.392424,7.8560977,6.7598877,5108.0884,3.2473,-0.1099,4.7619815,13.911179,156.37972838228805,-45.98860766062012,2.2794408468557004
5171636748942069248,36.93714123967009,-11.979101660296417,3.2822961095686987,0.08708301,-10.317126208959936,0.096094385,-15.902739376247395,0.08221488,-29.337074,0.21962485,8.704905,9.115616,8.11035,,,,,,183.78895479844417,-62.810505338528515,1.5019086397513062
5171668016303977984,37.07941319355719,-11.716245651499168,3.4831326119425254,0.028053923,-3.3553902109378955,0.03330795,22.388138787891286,0.027389912,29.578186,0.14230251,8.400171,8.874994,7.7542214,,,,,,183.5194642253546,-62.539989661419106,1.3718477537821132
5146164981536686336,38.31398922545963,-14.362595528017751,10.283199815114104,0.022005804,-40.04428153977378,0.026285667,34.003352734032816,0.020944092,11.002404,0.1264893,7.6265745,8.012198,7.065423,5235.6636,3.4498,-0.58,3.1368027,6.661494,189.7748430529138,-63.07350528612247,2.881932046822688
340028235795364864,39.25773057928465,42.06244688260417,16.667033294093233,0.02789129,-38.864416714189296,0.024615308,-41.23446870077126,0.02432485,21.831528,0.14362475,7.1434135,7.4481816,6.671315,5798.838,3.9315,-0.0387,1.8880137,3.6312852,143.08386752716785,-16.640173962466168,3.3921158267740736
81161795129745920,39.04984152380659,15.148509867546403,3.4228757524974127,0.03162171,-1.6406803160627144,0.030404331,-41.5310447438338,0.0317206,-23.955679,0.19823729,8.054469,8.615502,7.3410745,5059.2935,2.7992,-0.0995,10.010166,59.190674,157.10401455671507,-40.67037546042351,1.055970684391429
25566570219250816,40.951093877853936,12.029742729610213,7.210941760528396,0.026186608,55.77949298060707,0.026291883,5.73291752734581,0.023007309,68.01031,0.13307811,7.9506707,8.446169,7.2879596,5113.8486,3.3073,-0.0738,4.5662875,12.838,161.434657892576,-42.288632272465804,2.5182386715744625
5174476581318091776,41.63241589007746,-8.028153682888986,7.37084811621198,0.032109756,-51.550147132491404,0.03681922,-17.214813314076707,0.026839707,18.370014,0.12521642,7.978446,8.429617,7.354748,4964.589,3.1292,-0.4591,4.064995,10.842949,183.26710498265138,-56.73495174643497,2.559150597676014
5076495080078769920,42.23240488089712,-24.6098028056444,6.989070884198522,0.020308673,-5.472635953457969,0.016476246,-1.2980303627803529,0.019832697,1.2714366,0.121771574,7.9296594,8.35107,7.335808,,,,,,214.13345211003636,-63.510347889520695,2.371647760773647
5173468908975401856,43.363642791869744,-8.848039790159543,8.012863176970422,0.022099331,62.92625203586769,0.024810655,-4.412554372367273,0.021939738,19.051664,0.12194126,7.7343493,8.077706,7.2155795,,,,,,186.31903038924784,-55.875297079263795,2.419161012710317
5188040255542012032,44.971513621143295,-0.6798152611945468,6.067789805678979,0.032391008,-7.218122262459289,0.033208378,-23.69377562327001,0.031522136,-2.9874887,0.124316484,7.6641684,8.050932,7.0996842,5269.8403,3.186,-0.5225,5.1495867,18.427267,177.6832413344134,-49.39250213181062,1.7756312679591106
7632157690368,45.034342834696204,0.23538959951604121,5.60229354383997,0.031825747,45.4660098305345,0.04021206,-6.834343096515991,0.029077915,5.901028,0.27284372,8.068802,8.554075,7.4199953,5028.776,3.1614,-0.1016,5.483958,17.328714,176.74042877472885,-48.7144143617334,2.0780137002224888
5079636934554540160,45.044308630330164,-20.802705529852243,6.185754203159452,0.024845755,-19.598666975662496,0.024218228,-22.665646649767908,0.020268315,-13.719186,0.12627518,7.568417,8.033061,6.932865,5189.572,3.1197,-0.1121,5.933278,23.004498,207.80482692048977,-60.00474561449642,1.7787322961850207
5159658909787243648,47.00597882766946,-12.041122989379655,10.111417715240664,0.11619149,149.87108042023834,0.10042249,47.78128254346833,0.09933532,56.819363,0.22947343,7.937315,8.291134,7.4099946,,,,,,194.45744660551313,-54.63459725615664,3.133505467181001
5047659906603781376,47.17688124586717,-35.43339823917709,10.568623512264177,0.015753258,-27.196944353562163,0.011661236,-112.56076723344776,0.015426876,1.8839705,0.11934515,6.9428973,7.282917,6.428818,5954.2983,3.5936,0.2301,3.4062948,13.138224,237.40880951062482,-59.68725122712163,2.2262592799823127
5060697056494141312,51.4023930202748,-27.27248358288027,7.232647606342142,0.052799348,70.07416434172836,0.030505398,1.3321900896822156,0.037198283,20.804943,0.25850245,7.1564374,7.6266165,6.517962,,,,,,222.24404452919492,-55.85900560719302,1.709742251984305
236810241708097152,52.23863902707861,40.18647975659802,5.133257755718682,0.026534772,30.858747529506484,0.028736291,2.0235796723490482,0.022808949,-5.306675,0.117116906,7.0317717,7.5665917,6.342327,4866.4014,2.6742,-0.0687,10.634446,57.136536,152.812716650191,-13.373988020765099,0.8903234294129639
3264098320880651008,52.227304304775025,-0.41787156389162,2.988000068959565,0.020120034,64.28020172788361,0.02387052,-76.87844227543238,0.023398776,153.17334,0.1526311,8.441826,8.902075,7.79732,5495.6772,2.8652,-1.0831,8.22784,55.602654,184.31828918445794,-43.73691512718757,1.0739461444313885
5112130045775758464,53.58383046133909,-14.71048231039841,4.567970238271358,0.02370511,2.4921917310207533,0.020771282,-5.134994790863579,0.02276052,19.316555,0.13246155,7.667587,8.132116,7.032939,5714.836,3.05,0.0431,7.445596,40.88115,203.19845579734712,-50.18942061866308,1.219139288907724
5115486545537710976,54.58546099013271,-11.20132023263144,7.891100299958817,0.029775484,41.28232156449684,0.030198172,31.279415698824955,0.025905276,65.72899,0.1389644,7.5377746,8.042183,6.8714705,,,,,,199.08368632780645,-47.744657726703075,2.306445078591697
41201178891455872,54.82110955768444,13.891053960132385,14.50808792922517,0.026713355,12.12003712509002,0.031360384,-99.23230983996426,0.024550369,-28.74412,0.12654492,6.4402533,6.884129,5.824223,5117.075,3.3677,-0.0718,4.181843,10.801242,173.02663618455486,-32.2058751566027,2.485476920789049
445706451573657728,55.728788302932045,56.405079533293616,9.820045695841491,0.019687422,58.47064131480089,0.019853653,-18.60625919811503,0.021233583,-27.047348,0.119605936,7.926803,8.352945,7.331721,5163.396,3.5476,-0.2376,2.919556,5.4593725,145.04928211778707,1.0831544299710527,3.1095301539900304
5088791090411440256,55.50805485943743,-21.237339849310565,7.551087344741939,0.024331562,-19.786512548790363,0.018186146,-19.884925649449762,0.021318542,18.837387,0.12328809,8.064908,8.551546,7.414584,4940.622,3.3045,-0.0362,4.149661,9.253691,213.81851953723384,-50.83432125266163,2.7235491340049163
36227297525551488,57.09130212973721,10.792535723857311,8.770474911809467,0.021473072,-22.204874787646627,0.025056593,-118.22814324497239,0.01744964,-16.735966,0.121773615,7.758885,8.125168,7.218113,5891.4854,3.7072,0.2894,2.9507432,9.4514675,177.4967455107576,-32.75398036955864,2.654866668346553
5108073462048491264,57.54345269207955,-16.775255744854007,5.5004593496568726,0.02500996,48.67606685219462,0.022595976,1.3493752519754634,0.018700331,49.577015,0.124213696,7.86408,8.34759,7.2140083,4833.6494,2.7968,-0.488,6.0463877,22.625534,208.38527059120142,-47.51507554061886,1.8332483456901294
5107766874400178176,57.8855533159885,-17.16677283699893,6.551816662461199,0.019191163,-66.55021845204257,0.016338885,-64.34205843912234,0.015089598,52.437996,0.12322435,7.4304757,7.943034,6.7557793,4997.5283,3.0366,-0.0778,6.612412,24.57462,209.10262936294959,-47.35727303460104,1.8024576320529955
166918475121503104,58.40777952346411,28.148064883355293,10.189925700593855,0.021805042,100.76071437724923,0.025060968,-10.991588424259287,0.014422463,19.164326,0.12574317,7.6593266,8.081598,7.062355,,,,,,164.83516366825828,-19.53859160260032,2.921585969942475
5090659538623512320,60.815738161651446,-21.41731303298816,6.090712048337091,0.018213563,4.3825572436298605,0.014051376,26.818382554912425,0.015065507,-1.7663348,0.11922951,7.38992,7.85218,6.758024,4892.449,2.6911,-0.6456,6.463549,28.597294,216.30123562407738,-46.16780033398583,1.5641519866341478
225643223661003392,62.0635641348381,37.7266257522242,22.07820732017939,0.034225903,-98.88740746747918,0.053122893,-195.89740398606222,0.028747376,-44.218723,0.11764716,5.8268695,6.2937202,5.1950274,4922.2935,3.3197,-0.0457,3.8662963,7.904652,160.43611162803538,-10.422656894571364,2.7994270390194798
5089410768291958400,61.547713848002246,-23.27972399823477,3.9690166748015203,0.019336903,24.73422370109126,0.014864562,20.480807423146082,0.019014869,9.353555,0.121259466,8.103341,8.618272,7.4254456,,,,,,219.1543131047795,-46.04721265350494,1.389371002974001
3176710408016328448,63.04694891662265,-13.63724536662203,5.829523250810788,0.024657322,64.41947757177269,0.02279427,-15.783576416232835,0.020715943,8.530902,0.12577476,7.7594385,8.229855,7.120053,5182.3774,3.1426,-0.1077,5.8325214,22.109592,207.27903844828495,-41.3978454102491,1.8448940491037962
3283236282835562880,64.68431894750344,3.1489043614672436,7.396906635271363,0.025408376,64.43373458665275,0.031108731,-32.18959053436212,0.02229976,42.642494,0.12548468,8.033856,8.476633,7.420158,5212.6196,3.4497,-0.0702,3.8670726,9.945673,190.11121852289858,-31.614042243105303,2.6149275844205357
3172208212842250240,66.04200295062859,-16.04210122234437,6.051079995496945,0.022216868,-13.58402191537535,0.017102042,-57.402924957908596,0.01639936,46.067726,0.11777175,7.8333526,8.315874,7.174269,5149.774,3.2021,-0.0999,5.615075,19.993696,211.69046830374265,-39.68605466121123,2.013067646182787
3282351760091020672,67.85606445814336,4.575248088049634,5.367787074244448,0.022503022,1.402897593701694,0.024821233,-10.489852762764402,0.017703608,61.606052,0.12157786,8.0656395,8.620609,7.3496366,5340.111,3.0993,-0.1324,6.165882,27.876923,190.82145235028287,-28.1979865946089,2.042554267652995
3206213809682845696,67.93604605166128,-1.352708396878825,5.3453594111969585,0.025149878,13.058832346995459,0.028358568,-25.432617944078668,0.022340782,-5.5672874,0.12784727,7.9286942,8.463515,7.2352085,,,,,,196.61482335881294,-31.340565320954386,1.8769850023666026
203719133602370944,71.61214852308638,42.34885679434642,,,,,,,,,6.56503,6.7094493,5.8104877,,,,,,162.14546802623153,-1.9500160726335412,
2977028444894198144,71.01320092060155,-21.10692606301406,3.838823119801568,0.018634332,25.203801647854387,0.01377345,1.4370704559691792,0.015576895,20.92383,0.120654486,8.023449,8.502309,7.37964,4992.825,2.9105,-0.0694,8.093692,36.653915,219.8417859007177,-37.03438319711606,1.2070538507023032
278079826540465024,72.16007890505435,58.389489311898316,6.83191586478141,0.0184276,-10.092062902278432,0.0204775,-54.631826874443966,0.01780611,-32.23215,0.12141713,7.3823075,7.9057074,6.699753,4886.455,2.9399,-0.1591,6.7203026,23.230827,150.05203112476434,8.637115971145215,1.8534301285017039
4893980371818915456,72.5745127838877,-24.36893087792775,7.596489162722107,0.017850986,18.469128426982735,0.013848557,-19.83687193728765,0.017377878,35.514996,0.12151834,7.6735206,8.136547,7.0247645,5014.146,3.1955,-0.2288,4.8261576,13.26528,224.27222051185865,-36.653840216617795,2.3346914995348955
255758915864998272,73.46022686788788,47.95610012876731,5.4992587568925195,0.021941043,52.64390191582791,0.024538249,-40.4545334997489,0.02142032,-39.31093,0.12687097,8.034088,8.558252,7.3493695,,,,,,158.66962298424846,2.639062271698982,2.0353192010069345
3413702683319612288,73.34195954049193,24.177272926254258,10.075713991483887,0.032612626,21.083710173024485,0.041053005,-17.561189508648066,0.026530378,-4.0466843,0.13470505,7.503215,7.8119392,7.011883,5712.5903,3.6696,-0.1894,2.7618458,7.320335,177.27949576487066,-12.3141505369206,2.6659419983083885
199254326118502144,74.46081787573338,39.63230304707451,8.502565966091815,0.026794394,-4.54406603052486,0.033468045,-16.451963750477994,0.026031649,0.5880809,0.12605458,7.8152795,8.2847395,7.1774254,5001.3325,3.3314,-0.1384,4.029274,9.152836,165.6110423992559,-2.013723652066186,2.7192969542788377
3187208029642235008,74.1033415073306,-7.0234130061991795,5.6757030109770925,0.07104391,7.010880165023291,0.080812074,-47.984582798951344,0.064675815,-8.853418,0.2764672,7.996568,8.359295,7.4516788,,,,,,205.79818276837705,-28.731160634847843,1.947724545234604
3212619495706796928,74.45166249764941,-4.655047461182017,8.32505057032153,0.018162385,15.919220052155406,0.017406438,-21.0493403400081,0.012736634,29.366621,0.121644124,7.43538,7.8989472,6.802722,4949.29,3.0058,-0.4603,4.8506823,13.415776,203.60484080973188,-27.32363646377569,2.2890474389433133
2986948238799721216,76.89805484326358,-13.986332697895943,8.27187950328463,0.020218085,-7.488063303282504,0.018496253,33.69339316283618,0.016478987,33.586945,0.1182811,7.7258577,8.186137,7.097782,4924.8345,3.1225,-0.3995,4.2100415,10.385193,214.3374003335847,-29.22646908127952,2.5624187334758552
4876988076744609536,76.91067588734546,-28.977516874845758,3.5875594268344324,0.016707221,2.0991188104566083,0.014788707,-12.808791295614313,0.018304631,10.486433,0.120651774,7.9421263,8.45865,7.2666016,4922.8423,2.7572,-0.0871,9.655576,49.33825,231.0001978534012,-34.165564169394,1.0083953614003094
188486430790942976,77.75979783920798,39.28214313187518,8.05746016793395,0.020846037,25.408397515161838,0.027122095,19.512960908354728,0.017439283,-7.1065903,0.12581784,8.08645,8.47023,7.525493,5224.0186,3.4357,-0.5475,3.223683,6.972469,167.4352275429644,-0.20164784469166508,2.811432333813349
2986593268342544768,78.15056963898566,-14.950973186483042,9.497435939297182,0.018845784,32.95791081217225,0.018579885,30.989923044448386,0.016726518,36.362675,0.11842108,7.026162,7.523611,6.3689966,4852.9556,3.0902,0.0022,5.460375,14.896121,215.89676148727492,-28.494129807954216,2.1902663097698976
2988305826422644224,79.41764135608419,-13.5200431178163,20.40588061001401,0.067518756,-7.278170292286408,0.05928095,-48.68923586217698,0.062154856,74.0779,0.11568647,5.21848,5.7071524,4.564752,,,,,,214.96681439375965,-26.797858494098723,2.038143386853571
3209947235775559936,80.15612152845421,-5.8227756012067,5.503479795023294,0.02149741,-7.64720410746838,0.020836791,-29.957057644804255,0.015912496,-0.33368722,0.12059032,7.7571816,8.226217,7.1185184,5091.324,2.7958,-0.902,6.1842704,24.132778,207.65327343522384,-22.82936240311487,1.716794042595916
2972356237733305472,84.52256235013301,-14.756125903516017,2.9632324153275746,0.0206783,-20.04082042589766,0.018919416,5.944659457265537,0.017760428,38.977913,0.11982761,8.0609,8.567818,7.3920035,,,,,,218.40571797102328,-22.7617998861384,0.7049189294089228
268432917676280704,85.75710030324981,56.581651308829144,16.936726477590206,0.03696961,15.51395686031088,0.031430837,28.81461157480401,0.034270667,-31.645317,0.15871654,5.8008265,6.274674,5.162101,4965.123,3.1534,-0.1059,5.1252823,14.384339,155.7352289814822,13.677148624684511,2.203406293892485
3337001130124886144,86.68587617837997,11.05015692219378,8.487171578210754,0.36878154,60.19089159855856,0.40201992,-57.27255343992287,0.2589647,76.303024,0.1841852,7.413574,7.8363204,6.7450094,,,,,,195.5405869242465,-8.969645132067095,2.3071259346136785
3219978149075224832,87.65994851161216,1.6997271022075526,3.666772784114647,0.024456142,-3.076647683812321,0.028680677,7.724302175065597,0.021262119,9.499701,0.13096859,7.6848216,8.201683,7.006476,4769.9727,2.28,-0.3611,11.029916,56.93458,204.3310462343111,-12.692023917645932,0.7999035758911903
3320196400563017856,88.64922656519313,5.353648181028122,3.1185259644553702,0.02389276,-10.428000064358322,0.023845473,-9.24374880489618,0.020910155,32.86858,0.12304514,8.022058,8.481654,7.393358,5236.6353,2.7682,-0.1113,9.297522,58.55243,201.53919279724462,-10.077343633876744,0.7403204465888512
3343712755261231616,88.91280164512402,13.001852238380977,7.0921321835909374,0.021823693,30.44744765334107,0.02235066,-7.690845588159632,0.016857963,28.480377,0.13014442,7.4332604,7.920957,6.782392,4935.3545,2.9712,-0.2721,5.827152,18.128942,194.9287323285995,-6.108765092137013,1.9564130766210215
2917842141990377088,89.6481641797718,-21.54371174713107,13.93899198634662,0.016771913,103.34870871711192,0.008405759,40.786160521054356,0.016316108,53.760223,0.11691734,7.0518374,7.510205,6.423086,5109.0557,3.5003,-0.1093,3.3950741,7.0751486,227.17651028463655,-20.89355248753087,3.0210345491507997
3369751870665745408,96.72906502005426,17.45155326020712,8.060297165030528,0.0704286,-52.18759125679715,0.063788965,-4.300189491157818,0.054627694,49.70347,0.19344081,7.5119367,7.8629193,6.9864554,5983.6816,3.7501,0.1262,3.4918544,14.077459,194.64993195400524,2.6411511691660237,2.2142715107119892
1004358968092652544,97.69602304387136,58.16112834050636,18.218259854179408,0.048567656,-30.69060465334944,0.032307193,-338.61232485343965,0.026986457,39.48652,0.11976793,5.609718,6.0780053,4.971718,4877.7285,2.9234,-0.492,5.27466,14.188626,156.97289973215578,20.18915955523581,2.1680981864162643
3369286193133166336,97.11647763970579,16.23818497675907,13.66133344383674,0.02402991,-89.31819605001361,0.02611496,-44.95582500285781,0.02190195,42.36355,0.12592253,6.014451,6.4538784,5.403828,5047.7915,3.057,-0.4283,5.194308,18.347395,195.89815134457365,2.407241344499006,1.9252154221264755
2926288560256679808,99.56743196517705,-22.767639428177578,5.478055664107141,0.018247215,0.1377111664185935,0.013457269,-18.704712696142266,0.01655478,17.498356,0.11889174,8.021007,8.472401,7.3972507,,,,,,232.11543381994588,-12.919927281979941,1.9573683737481056
3352003313453043328,100.5668788488775,12.007986245204703,6.883275856755716,0.02206943,48.94679172352005,0.026052399,12.11835992385276,0.02213239,2.7844105,0.13414045,7.7820683,8.214208,7.1779504,5438.222,3.3755,-0.1603,4.4592514,15.667527,201.1979005480773,3.442313375215127,2.198977378649073
3378429800546593408,103.35912961484472,21.718069039606483,5.23029169220834,0.0242155,-20.105616840681527,0.033842254,-33.975975511030036,0.024632359,84.319046,0.13325588,8.031425,8.518937,7.380738,4988.105,3.0635,-0.1001,5.9826503,19.96618,193.61475440881017,10.133497763835456,1.8931695110759839
941162613140755200,104.59491248384288,37.98784781156206,6.004067734860893,0.055886988,-38.08072812526005,0.056371924,-26.136076363778876,0.050330963,13.697564,0.13873209,7.5283623,8.012823,6.8756413,4871.566,2.8519,-0.2546,6.7762246,23.238518,178.65614466997255,17.571636735855044,1.6892763175885022
3087253042471924864,118.46580976976848,0.3313726725060526,3.1415617087102885,0.023531625,9.17643518368893,0.022354513,-19.342063896760614,0.018733935,15.950136,0.13758397,7.9801116,8.462887,7.3280654,5187.0938,2.8423,-0.1171,9.835474,63.222363,219.88892349486798,14.008351141972998,0.7335334213311503
3152158382088366720,118.9392141316524,13.331650928451268,6.187208958816811,0.11025346,-10.110215055064902,0.11184956,-52.79935021551475,0.07009868,17.102688,0.23585396,7.7628107,8.162295,7.179664,,,,,,207.89987357588709,20.1821288482606,1.9279777799823692
1033723659493876480,128.27202146179698,55.354486048464146,7.516672069048654,0.025635421,-23.434630460657782,0.020514395,-61.239766346264176,0.01906776,-6.839636,0.12265726,7.401454,7.891345,6.7481494,4865.2183,2.925,-0.2533,5.808005,17.00047,162.52129689217887,36.31707617170195,2.0528047320160465
1027292203666419328,128.75446092125145,50.47195406522245,6.838054396596853,0.020235041,-7.352041187566644,0.020483,-12.038049029880113,0.018564086,-33.511784,0.13661225,8.142893,8.496353,7.6122146,5940.758,3.7871,0.0477,3.123129,10.944274,168.5814565674603,36.804238006618256,2.490684660841467
603329694046441472,128.40283224298864,13.550716724502754,7.97448446381198,0.024734044,25.212681997325557,0.02577125,-16.090557866026632,0.020381661,31.569843,0.1288176,7.5881767,8.047738,6.9569855,5197.6777,3.2944,-0.1083,4.5365624,13.530545,211.79644030640566,28.679816334039526,2.3462003101385474
913383176986728832,131.33930573567847,42.403545267807395,7.055566011758331,0.023797948,17.641143587667884,0.021630967,-66.12884199277828,0.01936511,-58.048218,0.12248833,7.9396467,8.425443,7.2929115,4859.9004,3.0685,-0.2669,4.807831,11.143948,178.8221498303738,38.37949543270887,2.4490388334970716
611642860944510848,134.19177446619986,17.48126449515084,10.115519548520952,0.02244707,32.369490615760114,0.023602232,-19.651881365859687,0.019897081,-16.301908,0.12969872,7.364412,7.852671,6.7089276,5071.916,3.336,-0.1004,4.2457085,10.736982,210.03792737003957,35.33773998698367,2.66080723595
1017409449558968320,135.71526034924878,52.28521037593128,8.584539453877825,0.020765604,-76.56640538361414,0.018072048,-138.4803437587714,0.016145157,-15.778849,0.120456465,7.82266,8.314127,7.166885,4852.404,3.1526,-0.2385,4.219581,8.888867,165.84699057750683,41.00178999960531,2.7641812670207773
1037703444910272512,136.8590846223197,58.87463315793197,9.072782746933992,0.019716974,20.231332234425565,0.011929298,-94.88689535698536,0.017560124,-44.007515,0.118313454,7.3477087,7.8520927,6.679356,4930.269,3.1389,-0.1362,4.9935093,13.255103,157.15384001572755,40.36024369088648,2.4202689543374416
593946560597938816,140.55341971637984,12.548234845292406,8.543639731133025,0.025074925,-126.36385084566794,0.025000783,-194.92063369528614,0.02100963,30.284729,0.1282484,8.106583,8.55652,7.480713,,,,,,218.7563077309715,39.06830887810641,3.0082898997196064
3825147631014537472,142.38492917869746,-4.2468769831246895,17.30619873934196,0.08958033,-30.497775908489054,0.06909459,-54.22242048657726,0.05494331,-12.505503,0.12915795,6.042515,6.4563804,5.430467,,,,,,237.72434957173843,32.07874602570154,2.45747525000502
797597524475897600,143.93835541073378,34.78058534508938,7.895354938427313,0.03149736,16.320638703067175,0.026907139,-35.25067640485275,0.020357542,12.503838,0.12565315,7.393275,7.8366866,6.779352,5321.732,3.3381,-0.1013,4.7929125,16.596292,190.02773053246312,47.768706648951905,2.1162918842536507
3847606221163675520,143.91820809203992,2.6374739649811967,6.794591766572037,0.031458613,-84.98866255896377,0.039297532,10.835471855229983,0.030812986,4.659762,0.12196167,7.6388974,8.148487,6.971659,4860.1006,3.0408,-0.025,5.842123,17.163559,231.8552416621549,37.224261817617936,2.085344638019091
1020486810806074752,144.99614269740192,53.496378058921714,9.770709073488954,0.017695362,-9.411676574398165,0.015088956,-131.6082327101327,0.015312504,40.37479,0.12344905,7.203872,7.6638713,6.573298,5188.3784,3.3491,-0.1,4.447853,12.915003,162.52266658034668,46.19700737588306,2.4029404739222846
3827418947159301632,145.13222857547115,-1.7302062463930086,8.83755654659202,0.08717455,-50.92488749016633,0.08976586,-25.849027542482737,0.070879474,27.658335,3.3381653,7.418103,7.7068424,6.959654,,,,,,237.2001032544418,35.77610774968672,2.2805832308472294
647289921270513536,148.11956469494123,27.773992790836257,8.285051658609868,0.02004331,1.9400328067359272,0.021264657,-14.575591239709276,0.017088853,-4.2869296,0.12063313,7.5934286,8.026359,6.9885287,5227.639,3.3635,-0.1368,4.1695843,11.695249,201.30505183936717,50.51743678000796,2.4134464486360203
1046355398829622400,148.49178974593542,57.68329297473325,13.264285796526275,0.015978482,36.565115386804585,0.015777994,-92.1238450144392,0.015791222,-10.298011,0.11967973,7.25277,7.650111,6.6791687,5768.5215,3.7259,-0.04,2.7730958,6.3352776,155.8306199917889,46.50869166411248,3.0696028328792004
5667571056333848832,150.80198280607215,-20.93098686642764,6.318672480166623,0.023832582,-59.70514483954223,0.024961628,-26.70861503159038,0.021174788,42.67543,0.12701239,7.5436482,8.010223,6.912309,4924.469,2.7887,-0.4084,5.9489126,21.574865,258.3178104069338,27.019277511468417,1.7991984825116314
3873646504799825024,151.65693263687908,6.905228049745699,6.239993050096219,0.027091412,93.3140956304185,0.03600046,-71.99825382876465,0.039020184,8.314212,0.12601314,7.8889875,8.41241,7.2066627,4892.1616,3.0554,-0.0893,5.810262,17.41806,232.58841798484832,46.019721799568856,2.1632261270705007
622346641001353728,152.53142096921988,16.516424727537668,5.911715216985981,0.026296536,23.287362965922362,0.024983816,-45.06359413705794,0.019135924,21.79143,0.11884752,8.042517,8.539303,7.384476,4805.234,2.9312,-0.224,5.5736775,14.925769,220.30267004991208,51.271568714157475,2.1772470584460732
3768948774220203648,153.31854928455704,-8.445685047240486,9.802657778453579,0.02842056,22.707271573662,0.028157597,-30.10365661762203,0.03137718,-7.0083017,0.12422403,7.4767346,7.903585,6.879692,5161.781,3.3946,-0.3605,3.635471,9.122327,250.16389843675248,37.7283200755608,2.6566325450845394
5471983605794172800,154.6048001217491,-26.500534030472387,8.645630430594862,0.073220335,37.069694420535654,0.08522489,-42.34313231703402,0.10348383,29.669664,0.12693171,7.676458,8.155244,7.0221453,5080.354,3.3632,-0.1002,4.2720757,10.946481,265.25660840351605,24.959909251717324,2.627411976465852
3830897080395058048,155.86849574856893,-0.9024047899638477,13.640243543129563,0.026735594,64.84014031279213,0.029359022,-35.28997033155312,0.026109504,7.1876345,0.14814563,6.215122,6.675746,5.5844707,4892.3335,2.923,-0.4777,5.0540733,15.854208,245.0856958228272,44.715807257929676,2.1389551541512746
3752252071677239552,157.19282593304692,-14.465687469151138,4.278403065068704,0.026367703,-32.96883201637063,0.02826194,-8.04141430539174,0.023973957,32.58273,0.11734226,7.875966,8.408442,7.189557,,,,,,258.75422781957184,35.8891903014676,1.3365470806257536
3761497761876022400,161.70689415477983,-9.39937543394476,10.004934710422685,0.020152856,-79.15994244306279,0.025904022,-78.50666363526331,0.02084676,35.01388,0.12250046,7.841304,8.246328,7.268447,,,,,,259.0308656278967,42.60578489677167,3.048323497117486
3802646984545499520,161.83995455853932,-1.7250022025365122,7.140661503708482,0.025438424,2.7192925236636225,0.030413479,-19.421218239908807,0.025676716,13.070752,0.13676693,8.035172,8.483209,7.417518,5054.0386,3.3101,-0.2246,4.1426415,10.092071,251.950122147729,48.47275698190047,2.5433264896863816
3764038595808844032,162.49309181133455,-7.4825832374109,9.181308218951287,0.03306666,-156.86231003582725,0.03273352,-38.195497088870006,0.032290675,15.977745,0.13572423,7.7527995,8.208219,7.1259933,5196.0146,3.4777,-0.0997,3.6454048,8.728717,258.2022959648113,44.58539884606984,2.8133899264578286
3995918691799173248,164.3126253792991,24.142942458821675,10.286160102360057,0.026487302,-71.73964400534012,0.025778893,36.25428005502124,0.028743824,2.7889712,0.12025201,7.316352,7.8219233,6.648889,4895.3643,3.231,-0.0132,4.46736,10.325288,213.12814163446185,64.14603483414739,2.6616047194297643
3808410933735817472,164.6987430851961,1.7290021356800782,7.378305543155719,0.024454828,-35.4693640991667,0.02871619,-47.675633561879906,0.025675368,8.145535,0.14702,7.672768,8.154589,7.026756,4941.959,3.1615,-0.1184,5.0549645,13.736766,251.41251788468702,52.94318861226001,2.277318111822065
781956043856736512,165.53500299483264,43.72064739836099,6.74372603513586,0.027771266,-120.80277602569942,0.024462523,-103.6051566844479,0.024947368,22.143057,0.12213596,8.0771265,8.562722,7.42366,,,,,,168.756762571807,62.448052855430646,2.4911041725726206
3791263156547622784,166.18535231468823,-2.5132990339441323,7.1786923789767965,0.028033247,27.824137068154332,0.027454203,-17.902279815504155,0.023685463,-1.3980966,0.15030318,7.980425,8.422941,7.364906,,,,,,257.77863950016183,50.76062128560285,2.497086562368834
3536409383570998144,166.99620351773086,-23.858502306556545,6.324695341396748,0.026656413,-28.573438191920005,0.024043841,-8.56605598754105,0.021888334,19.700378,0.1396854,7.9454517,8.461816,7.2703676,4928.4287,3.1118,-0.0708,5.508165,16.131695,274.4469276208138,33.228148118883865,2.2426600887499877
842375204236601216,168.6393926412296,52.94672504067289,8.334713795402633,0.07878646,34.68974637900595,0.063410774,-30.623938675864885,0.06901408,-64.94814,0.19106361,7.231852,7.671115,6.6210475,5261.7173,3.3396,-0.0697,4.901733,16.605782,151.19986947877584,58.53663085055744,2.0696111661039347
3534621989981179520,169.4475019544933,-23.975490314285143,8.836468102186373,0.023412496,-130.7147307299105,0.022929732,-16.761351412447617,0.018681927,-10.516297,0.119829334,7.8031487,8.275418,7.1646276,4978.5435,3.3665,-0.0418,3.9235296,8.522936,276.9199516344884,34.12241029494694,2.792239893659624
784227772318969472,172.12617090100971,43.96619042816549,7.009360310784349,0.027545933,45.509886710104524,0.02132776,-87.5258699680272,0.017158717,-30.29227,0.11803014,7.391491,7.87918,6.7393174,4839.9746,2.8011,-0.2595,6.2389483,19.243788,162.2671749941748,66.29729799434284,1.8896982353883947
767203002993399424,173.2674173005795,39.321656335511214,6.944426910657646,0.026687093,37.4531078385384,0.023418428,-3.0356252093125398,0.0340837,-30.402954,0.12201457,7.70549,8.181355,7.0630627,5156.4814,3.2215,-0.1087,5.0665684,16.350607,171.16868938731074,69.64887910245793,2.1744696706018973
3895948101012579456,176.69415035547533,3.4742117186750288,4.689926373005451,0.024309756,-45.92844243492297,0.024589486,-18.46125423064825,0.018703979,14.693927,0.13248388,7.593672,8.124405,6.9072146,4837.7085,2.7682,-0.0697,8.976453,39.764088,266.98339380307385,61.746442650556084,1.2529162774157179
3598898374589122432,176.88098405032702,-5.2637939813261,8.89273193007319,0.021471916,-24.87038094757529,0.028197106,-39.01524836224313,0.014532485,22.933329,0.12192293,7.7673254,8.181579,7.180528,5147.6597,3.4563,-0.2031,3.5556295,8.005421,275.05261581392864,54.1118313743648,2.727034661595023
845335158256083584,177.843695737286,57.6406559991897,8.169064992326973,0.01805351,-12.0023715154493,0.015942464,-17.53002727950492,0.016797002,-26.043434,0.11705196,7.6187973,8.0853615,6.9884176,4944.016,3.0703,-0.2985,4.521984,11.571917,137.97252880151254,57.69917753603644,2.4316846998433563
3494125048288527104,178.96391734228823,-21.66002160503312,11.935092121456103,0.21266547,-32.12478764528494,0.19411427,-130.84938135150998,0.107170016,8.757493,1.0726559,7.445612,7.8715353,6.8460097,,,,,,286.145162464659,39.39307379882792,3.05354435338042
4033474469950968192,179.6882555065746,37.87733195021064,8.605163924049876,0.022132814,-5.788184934238373,0.018641211,25.585286529009267,0.01844758,-4.748991,0.12556972,7.535018,8.055418,6.8591604,5034.032,3.2803,0.0799,5.055318,11.884293,165.47608870219585,74.57366922900793,2.502938092032325
3581292685166588672,183.40491184393244,-9.513570392151884,10.526364475266726,0.030965427,-98.94076915046129,0.037210472,-42.325346982994624,0.0343833,24.375803,0.12503378,7.409839,7.7728763,6.873669,5965.727,3.725,0.2308,2.850771,9.26659,287.59506084459895,52.22841660363241,2.6994268043741796
4013690029519735808,183.3943503373882,30.562388575152504,2.882954820981607,0.022348283,0.5842353817057071,0.02464137,-15.34966900809372,0.02230342,-44.550636,0.13858649,8.144838,8.620237,7.5006137,5078.246,2.7339,-0.2231,10.003832,60.007347,188.19283225806353,81.03038404907379,0.7053769104775248
3701882653734894080,186.13593178864264,4.3310744495282645,3.449720787383436,0.022281026,30.36017018106465,0.030066635,-22.005296903894312,0.021836737,-6.487924,0.12702522,7.6919966,8.193,7.0270286,4845.693,2.4216,-0.2199,11.144762,61.55772,286.0357132945487,66.31659035044454,0.6618548205920021
3696625751204285568,186.41873266669523,-0.2820603936313545,7.621073690519734,0.025896138,-81.41288763265848,0.028335871,26.49304966815081,0.024050487,-3.9238234,0.124775596,7.520379,7.920511,6.9464498,5191.891,3.2536,-0.456,4.5351357,13.467013,289.15483280690205,61.8986017941955,2.135010548452709
3952692457305436800,187.58259689408882,21.94809466311534,6.024581523273109,0.02331544,-75.27757633005027,0.02355182,-33.57749581184409,0.022974113,-27.93183,0.124361016,7.467149,7.9595103,6.812838,4827.7886,2.7061,-0.2602,7.0685797,24.455528,258.984101672277,82.93964892963248,1.6394778688436944
3517300180717085568,188.1712868012015,-17.220623500999313,9.808888230407756,0.024223547,-108.69069789750519,0.027174687,13.09559684906665,0.017668983,9.204357,0.12217854,7.7633476,8.185309,7.166596,5292.0015,3.5516,-0.0723,3.1742985,7.1130223,296.54616708856656,45.41848408797947,2.9426491901113176
3697030096605291392,188.28459246932505,1.0437576851697206,9.458130320275666,0.02510984,-98.34453377346316,0.027018342,-53.03060054088602,0.022763012,18.339655,0.12844215,7.8955812,8.2995,7.3182187,5275.3345,3.5991,-0.1803,3.0220866,6.383049,292.61844834483105,63.54847242328541,2.981804366869026
3932653308132999680,189.60599982709087,14.87238302719676,13.785512555800901,0.025496656,-39.578102601357244,0.030814035,-6.943058861339237,0.029410483,-10.749938,0.12935565,7.5156474,7.7987638,7.070051,5958.9873,3.9801,0.0113,1.8121297,3.7299552,288.3971163208121,77.37538871629626,3.3383953931997525
3957737119733383936,193.48072923966959,24.63581409239496,3.7640368136909457,0.14435065,-40.1547632523741,0.14308512,-15.409716682427597,0.1344048,5.1013155,0.17277074,7.8289804,8.3461685,7.1390057,,,,,,315.7082363932693,87.44567816098477,1.006195994884358
1516114801129032576,195.03076931282735,34.919356072614434,8.548135841187241,0.024223298,-76.6794480638578,0.01841857,1.3219117397357478,0.014990024,-34.959026,0.11590279,7.376406,7.8430257,6.7378006,4960.4424,2.9684,-0.6338,4.732381,15.035611,110.04933189936249,81.99048883106285,2.291173294849591
1516116244238077184,195.04245375701856,34.99842144422123,8.622186738396636,0.027742278,-81.39044253404793,0.01762477,3.1018396420325756,0.016007889,-34.7181,0.13067661,7.5045958,7.9811783,6.8572907,,,,,,110.11931293510308,81.91145072795311,2.445804466400843
3621107066360111104,197.2399761304829,-13.44120953060342,5.166610937318817,0.028001696,-37.37898033414302,0.03137281,-5.754635974924348,0.021317825,-7.147079,0.12426619,7.757466,8.264006,7.087923,4946.0303,2.9593,-0.0778,7.155405,27.617418,309.46109990487105,49.208279546611166,1.6088016728204877
3736818845433590272,197.9529478234478,12.730398637439896,5.181817572605186,0.02495234,-5.355331680046037,0.029610915,-8.859195185304625,0.035172272,-1.2360259,0.123033814,8.035108,8.535735,7.373439,5182.7954,3.1915,0.077,6.3842072,19.750515,322.26005467105506,74.83237432958714,1.8868773714666276
1446584503287858560,200.16468837335069,24.648465258835454,8.120393913691041,0.025020376,-14.321544177845983,0.025043983,-52.25240159314896,0.016530579,-6.739653,0.11857863,7.6213856,8.114366,6.966297,4771.5757,3.0114,-0.2045,4.932323,11.361606,13.883485438012103,82.97723553657474,2.4425579622645914
1665683841757374848,202.46991647567253,64.1804801556412,5.470953684963679,0.026086865,-44.68815465434132,0.03984674,-7.096335068852705,0.02963655,0.69925153,1.3565588,6.843909,7.2361307,6.276169,5289.399,2.8907,-0.5377,8.343416,49.050373,116.08236178090132,52.43352578089057,0.7336604726890198
3717992732464790784,203.07286410048025,6.353984801138336,8.593476186588006,0.029034717,-41.412478739485415,0.029066982,79.52945212074073,0.016742978,-26.208841,0.12452553,7.683319,8.105615,7.083231,5740.762,3.497,-0.1655,3.683645,11.149822,329.8221578270879,67.06817895358999,2.5767654380427194
3618013006279764352,203.67500514026008,-9.106794238047385,6.999520972797312,0.032160807,9.083022340266048,0.034788173,-6.968348079642225,0.01929568,-26.798397,0.12533689,7.7667303,8.264079,7.1074452,4787.6763,2.959,-0.2077,5.366172,13.626601,320.55972970858454,52.27801684488861,2.2690063545596795
3725876265195552384,204.68053805190388,9.980821827662664,5.348731239386708,0.023339864,6.655980537859826,0.024613319,0.6022667603577891,0.021783624,0.01980632,0.12102441,7.563028,8.069593,6.89415,5033.6426,2.9487,-0.0785,7.4614825,32.10837,338.19801382541425,69.54717515429475,1.4893117186111346
1455695086700199552,207.3736407411641,30.720842880498427,6.555897277418232,0.039903715,-18.349238573933206,0.039625984,15.704269534637625,0.02705231,26.191933,0.124709405,7.7201147,8.193377,7.0779104,,,,,,52.16616561774926,76.80967645550871,2.0629026775910266
1498814260545232384,209.92302818399762,42.0499330809867,9.157145309056988,0.016994974,4.594742880148624,0.012176383,28.531135896982747,0.015665485,-9.889934,0.120304786,7.5617394,8.011826,6.9409976,4982.0376,3.1488,-0.469,4.0961246,9.310348,84.27613948481849,69.58440777974171,2.612044282144979
6301513005226843520,211.68785308037909,-14.095152154012483,4.88312465445006,0.026828539,8.648713832841032,0.031859096,25.537172174974145,0.024549268,42.151844,0.12557779,8.0935955,8.625918,7.4009275,,,,,,329.1606583377566,44.906827602294186,1.8439975236791288
1486147233756849792,213.44847483258323,41.18759877270629,4.752358932804519,0.018655464,-9.979646734641799,0.013884363,3.1010100632148188,0.018618744,12.250275,0.12077063,7.7532053,8.285155,7.062429,4947.28,2.8928,-0.0767,8.113543,35.534824,77.95348861855882,68.0123598303512,1.443646744923805
6283982872870158336,214.60936022153345,-19.56253362100274,6.364925483760584,0.031014476,-17.60425898796415,0.033009935,-27.30010092923699,0.027686475,-7.8599024,0.15227765,8.024487,8.541926,7.3497434,4875.737,3.1088,-0.0454,5.2920885,14.260598,329.5382731198719,38.77286766847885,2.3357859695581826
1484890423248544256,214.5387437850644,38.96691101286471,6.424502223636665,0.019991336,-14.242996754117776,0.01359802,-15.82335029386741,0.01849623,-76.66082,0.1300038,7.9518194,8.438971,7.299468,4876.54,2.9561,-0.2566,5.2312937,13.94357,71.64736785643512,68.40106343972526,2.260680422011455
1484569984328261632,214.86310397169515,37.609820069252,7.582528517199378,0.161716,-47.7132215105581,0.122335725,-34.01427123404434,0.1659151,-48.776688,0.92766124,7.8589067,8.314962,7.234134,4965.0684,3.1492,-0.3998,4.313246,10.713181,67.98449800313789,68.74224717274662,2.5034828363804174
1255176468242823552,217.06574960276575,24.518079188918943,7.03016545481306,0.020320874,-231.80906710358863,0.01637373,120.7154536341082,0.017215757,-94.35493,0.11965924,7.7002363,8.113601,7.1069202,5863.1597,3.3722,-0.2701,4.4275136,16.352089,31.540210365377177,68.08928387558943,2.1517114654978826
6324607800291784704,217.82718457355472,-11.870249767950256,3.249108906060171,0.022565942,-31.36898388617377,0.02595022,-15.776569677634075,0.024619928,-35.840046,0.12970789,8.069548,8.615387,7.365224,,,,,,338.0391232985871,44.0884440912467,0.9467071141967253
1281025127618664832,218.57261664184628,28.485521346073085,8.441950286688598,0.023572229,46.19231133741479,0.020286217,-108.79982386486188,0.021668775,26.871422,0.13324867,7.8914933,8.361891,7.251508,5048.0796,3.3928,-0.1012,3.9032507,8.913914,42.36736578503366,67.25870658168087,2.7812367307669468
1179488699126909056,219.5241066481908,12.803303684262742,7.22523695196481,0.021923104,18.381004102483228,0.02708082,-70.09126547319235,0.020335745,16.840424,0.12239802,8.047687,8.508655,7.419514,4951.222,3.1853,-0.3221,4.1523805,9.88687,8.355859631622996,61.236094399635476,2.5908047388035933
1236429004715336576,223.34615593195724,18.235257126749783,7.547029609012558,0.024615802,43.739233780319935,0.03271599,-33.86532000295236,0.027149424,1.136973,0.1235858,7.533694,8.036784,6.8688827,4762.2856,2.9202,-0.1956,5.6168127,14.617562,21.811607560506594,60.58843208843628,2.2043439067199415
1392396172224832896,229.77564016065762,41.732397756333626,9.525500533977212,0.016407564,-19.906293532754184,0.015843755,-181.88834150019085,0.02020588,-34.370895,0.122958384,7.623803,8.090493,6.986843,,,,,,68.485699277125,56.56756919022618,2.773006744217478
1163695687767834112,230.21624003926746,7.682649169026905,5.399506820632867,0.026527181,-47.59121451741568,0.029481074,-14.172584934035296,0.026950972,-59.682407,0.1305974,7.9663577,8.46558,7.301783,5104.3823,3.1414,-0.101,6.0361085,22.233875,11.156405106464714,49.6440103210277,1.9081316977643172
1397340057539692288,234.93843768313016,44.31091938227565,8.59093761689953,0.01894434,1.2578798931122144,0.017966915,-60.50650798333665,0.02264199,30.310474,0.13330594,8.026967,8.399077,7.4857326,,,,,,71.29174990543358,52.29822127124549,2.8801922594595206
1404129954158390272,237.05568160294678,50.95444530303618,6.140016387217965,0.017383613,-17.615981112766946,0.01972816,-24.212934698516783,0.025475077,-23.32769,0.12625863,8.1514845,8.591473,7.544211,5109.58,3.3156,-0.0726,4.433355,12.034704,80.78839643551346,49.12074546261124,2.324541046548079
1372702716380418688,237.80799964337655,35.65583336071889,33.34325692137492,0.0800482,-8.66850860804631,0.06934695,-348.3495377967055,0.088184506,-25.117205,0.119755246,4.511343,5.0258484,3.8582332,4766.957,2.9897,-0.2192,5.0589943,11.906797,57.01454901173122,51.041321185652045,2.408029542078771
1193193836691820032,238.2342360753037,15.430608795965497,10.237377828427679,0.022432208,-57.31166375275386,0.020034017,-21.641038302146953,0.017195404,6.6801343,0.11783459,7.2039623,7.706315,6.5390286,4878.43,3.2134,0.0455,4.6970973,11.262752,26.94355944370272,46.38366662385905,2.5364107744018187
4349558155699059968,241.4364264282435,-7.084763899135961,7.456273891768335,0.18829475,-1.2681063174278462,0.22330998,24.738086812130074,0.18294749,5.966576,0.89159596,7.9564695,8.462568,7.285606,5139.2964,3.1947,-0.07,4.4449964,12.423414,4.12793649555075,31.876660908380604,2.6047675321934167
6043470682894375808,242.96294547525696,-25.883815527101767,8.090968608485765,0.045804918,-133.19570480910048,0.054480504,-54.01195734298638,0.038122308,-4.200625,0.17590807,7.4442835,7.976493,6.7507114,,,,,,349.5790646548678,18.331623528776415,2.291554727164827
1380731002392947712,243.46419465532733,40.348370922116146,6.108647804012172,0.015033996,-27.211362314446454,0.013957155,-98.96965497540369,0.016555814,11.514288,0.121060215,7.7039914,8.21646,7.031082,4835.234,2.7847,-0.201,6.44284,20.400387,64.05830081023896,46.527169921149635,1.9230697343602778
6021291677964221696,250.43908299364017,-33.14601216272125,12.536482518483725,0.033053763,-58.40919385743577,0.045634694,-56.76771765754272,0.037744362,-5.921488,0.12417895,5.6807013,6.01581,5.1749096,5985.541,3.2895,0.0803,5.045402,29.434227,348.5658901109844,8.637660952155546,1.3306198374590439
4448227641977175296,253.43164674921042,11.973680670226653,6.080038746319377,0.019768717,11.545297069305004,0.02004144,-14.941311311493573,0.016739003,3.8222952,0.13013154,8.140398,8.596062,7.510924,,,,,,30.61158859940191,31.490741184763575,2.3071705160458804
1359070215305084416,253.23832638242973,44.40270161042865,6.233659645245036,0.016322954,-10.782542551122592,0.016850047,68.39650257170442,0.023305742,-27.387001,0.12666033,7.8398213,8.339289,7.179829,4871.622,2.9972,-0.147,5.746656,16.744211,69.55904019973451,39.295787305599326,2.091679897427771
4139543497698320384,257.99423110879366,-14.620557144068382,11.915126432261545,0.029419405,-18.371837204746758,0.028046254,-39.81288382064173,0.021190783,-23.51252,0.12164118,7.09797,7.4289627,6.5869026,5956.809,3.7373,0.2871,2.7658195,8.6794815,7.889422070295495,14.300729239831874,2.6378725074890417
4574156834713113600,261.4395382258609,27.303064126979518,10.56674499655675,0.019077118,44.4422837645873,0.018448018,-57.02105786115277,0.021235328,19.650204,0.11856076,7.2203007,7.7140927,6.567943,,,,,,50.39670207040656,29.865966198513927,2.612479949820765
4390696761208182400,262.28969124726825,6.148575504210411,7.3477649912783995,0.022790937,-19.15053159712041,0.020459784,24.07388500657012,0.017485175,-26.824583,0.12360255,7.78523,8.255723,7.143235,5209.012,3.3423,-0.1012,4.587225,13.958141,29.001054916184888,21.083974432730557,2.374403610992839
1350307554308849024,264.131728241158,44.72360744945362,9.099526444104075,0.013360171,-54.87804678212096,0.016823873,55.47383793380007,0.017850645,-59.218777,0.12155028,7.9161897,8.410178,7.2575846,,,,,,70.74808830885559,31.594101874976296,2.9864945193026977
1364450641096815488,268.50303222663877,49.795271949064556,5.506481353542687,0.017381547,0.16405822658543212,0.02210227,29.655867094889555,0.019837068,-64.95151,0.12383916,8.12357,8.59102,7.487969,5052.258,3.1649,-0.0974,5.288476,16.41127,77.0658872088295,29.38693350727321,2.0824604688073167
2151879534144256640,271.8727845679524,56.802187548049496,8.759894299870629,0.013621345,22.439869559351823,0.021303097,64.28911216205066,0.016880559,-30.16957,0.12698002,7.5067444,7.860347,6.982627,5936.6694,3.6284,0.4025,3.2003582,11.458299,85.29994450318766,28.322239049383544,2.3902340897191383
2149564787289902848,272.63265239009786,54.28765269401475,20.131259443450258,0.029316034,107.63033879509808,0.034223948,247.34469567396977,0.03111274,-18.215067,0.12857701,5.725761,6.201248,5.0903635,4899.219,3.0711,-0.4072,4.473844,10.389703,82.5490369690898,27.546901934844215,2.5028519416072994
4283479362308652800,278.41960583585194,4.5923342739221855,9.006923242876379,0.12456616,19.870216788024752,0.12846476,-4.2815484442717295,0.112852484,13.0812435,0.62514627,7.8652945,8.302199,7.256012,5121.9067,3.441,-0.2248,3.493915,7.569986,35.01066071620892,6.037765688371576,2.869966434312681
4281180283478682496,283.9203201374144,4.264921791175485,7.64697101553697,0.025537811,-6.841893404812044,0.028870963,-90.41276547559116,0.025616879,19.711931,0.1389647,7.770816,8.224339,7.1469254,5200.4404,3.3236,-0.1134,4.3112674,12.240689,37.21113441428473,1.0015238846792194,2.4323985544128655
6762372994781081728,287.23463122460817,-28.741390463795582,5.214780530036458,0.0235117,43.337363115483306,0.025152035,-78.97117505926886,0.020084849,92.05717,0.12857227,7.673131,8.221222,6.963268,5365.4883,3.0411,-0.1323,7.4648986,41.710655,8.483970620953617,-16.188153140701154,1.5812271746746058
2050321081068398720,288.40083575207444,34.914669700582614,7.269935304790921,0.017040836,-10.005690518398053,0.01640565,28.724952275673665,0.018090101,-5.914954,0.12572749,7.71555,8.156664,7.106279,5024.322,3.2579,-0.1037,4.6565385,12.448288,66.68903279390247,10.982718467440378,2.2566326400986587
6770721346051487872,289.82396610445016,-23.558246047220273,9.515695218944568,0.021209944,37.83153956812493,0.0219272,-20.334268218135037,0.017970385,-3.2713704,0.13683005,7.534935,8.002366,6.899571,5036.0527,3.3443,-0.1001,4.058885,9.546991,14.398823338902453,-16.32996207428268,2.6815521656496606
6770761168986617600,290.267400667659,-23.619703904653402,8.29716312476062,0.018927393,-46.660619118941945,0.02163215,-30.244058032272452,0.018220238,-0.7413781,0.1310897,7.297989,7.787976,6.644881,4785.101,2.9067,-0.2425,5.561283,14.609107,14.504852426439584,-16.728196074237736,2.163817239260759
2125809426261599616,291.98891920624595,42.777351813966284,11.166442145736912,0.01808503,68.1231376098003,0.02162542,160.4561599118272,0.022214495,-46.182625,0.12277454,7.704784,8.059831,7.162442,5750.518,3.9261,-0.1365,2.4490979,5.909626,75.15023490015359,11.890023421247895,3.1219378811761453
2031479093959232128,294.2987618590443,28.499502691254843,19.242259439856873,0.018206649,-31.563413444161753,0.0152949495,-81.08241076554879,0.018166473,0.6801144,0.120384894,6.5353923,6.8243155,6.075775,5861.5444,3.9858,-0.2659,2.1299736,4.825104,63.271305243863964,3.5805521350406813,3.087875941154767
2078403295235690112,294.157642802423,44.69446773318099,24.260982911359434,0.05728291,-95.0162036892488,0.070329025,-104.85826858667775,0.070435695,-5.895508,0.11924004,4.92144,5.3958507,4.2958503,4932.597,2.9311,-0.3941,5.2411165,14.807603,77.61642292229332,11.347392322922031,2.099254179910006
2078403295235690112,294.157642802423,44.69446773318099,24.260982911359434,0.05728291,-95.0162036892488,0.070329025,-104.85826858667775,0.070435695,-5.895508,0.11924004,4.92144,5.3958507,4.2958503,4932.597,2.9311,-0.3941,5.2411165,14.807603,77.61642292229332,11.347392322922031,2.099254179910006
2078403295235690112,294.157642802423,44.69446773318099,24.260982911359434,0.05728291,-95.0162036892488,0.070329025,-104.85826858667775,0.070435695,-5.895508,0.11924004,4.92144,5.3958507,4.2958503,4932.597,2.9311,-0.3941,5.2411165,14.807603,77.61642292229332,11.347392322922031,2.099254179910006
2031906529091359744,297.26241664213995,29.882851201345233,4.503950274853828,0.025921702,-4.403401056483041,0.024790576,-0.45339670974230484,0.026835505,-2.4170952,2.8868017,7.8240776,8.325365,7.152355,5836.0083,3.0414,-0.0475,7.2862816,46.21328,65.75831093815708,2.019608662251658,1.3760214490635827
4296596192423691648,298.699155161002,5.702863730192217,6.02089236323294,0.038744178,13.660777358924367,0.035444334,2.7536002961888375,0.025756955,-73.6917,0.11835231,7.9112473,8.392947,7.2470403,5131.9575,3.2305,-0.0999,5.4536986,18.606228,45.43532435223877,-11.326866496197137,2.0819218647046456
6872989911843242880,303.499220213722,-17.676202406484485,9.570123940655215,0.026201295,105.76567143271487,0.023434475,-10.160084593903381,0.016692154,-37.96229,0.1249698,8.052517,8.476411,7.4520555,5108.624,3.4922,-0.3233,2.9676867,5.410647,25.45047677857875,-25.935255657170472,3.180460364887538
4246124829130366848,304.0248334458516,4.580563494245937,13.726411447971504,0.02899276,-40.88365950699061,0.028620457,-51.96212196172794,0.020198684,12.894283,0.12260673,6.2214236,6.656782,5.6121492,5085.218,3.1383,-0.4207,4.9063163,14.475202,47.130259266430436,-16.49299867094341,2.1403924385512183
2187914378480856448,304.2519571608894,56.904355464406294,6.284013612863968,0.018105948,-37.66635707615195,0.024510764,-58.99161430214108,0.022934364,-19.822212,0.16084506,7.819453,8.303251,7.171722,4825.6636,2.8701,-0.4084,5.4718194,17.49011,91.63841965520467,11.814642211576958,2.0769513255815646
1802556203149406976,304.9054924292127,13.01070274936181,4.028378168241416,0.022486357,9.027481889074958,0.02298506,-15.081693442896537,0.02173044,-41.859234,0.12806961,7.986724,8.472962,7.335935,4869.3276,2.7631,-0.2779,8.171312,33.80945,55.054788135194926,-12.875014728893875,1.2809961899116717
1862226802284390912,306.2669934947285,32.46848325841186,7.866072647194131,0.016693406,30.402409341401217,0.013982786,-6.890544117408332,0.017363556,-20.437279,0.120242074,7.24213,7.74812,6.575185,5153.5806,3.2019,0.077,6.1316557,18.425917,72.09383850504351,-3.067303560373785,2.004863082752158
2188328963083011968,307.64375930027205,58.28670970726179,7.9697602508767575,0.18617867,-13.765018305578643,0.27210578,-107.98224257746013,0.23457104,-4.328383,0.80056244,7.392427,7.854162,6.76467,,,,,,93.8357254029579,11.05673409661018,2.148653362523324
4231510803469044864,308.40492798028544,1.2692641778605778,7.485997445541384,0.020123199,34.902453424015036,0.018713675,2.460155300533292,0.015453689,7.8071136,0.12511349,7.823328,8.276074,7.1997404,5209.776,3.3526,-0.1003,4.290052,12.223439,46.41642548175401,-21.93732481625452,2.438279705712477
1756077166580609408,309.587704443388,13.331819894841848,9.808000939553926,0.021588204,116.96973285192787,0.021690156,91.87236591067867,0.020589767,-33.347897,0.11792288,7.5737667,8.016727,6.9581265,5185.488,3.4667,-0.0784,3.6408505,8.635025,57.90590462363854,-16.519857556308374,2.7683270935550706
2062899081774559744,310.15432425986137,37.39744859705281,7.0511250369263365,0.0194197,86.55061877446273,0.016882436,-1.2591051890422134,0.018332193,-139.65741,0.12096828,7.7492795,8.236749,7.091814,5186.6924,3.2202,-0.1114,5.0022526,16.317276,77.95854427737049,-2.710603196422122,2.2625300798234895
6902043304013796992,312.94708026279733,-10.317264296531636,4.016251201257399,0.056525,3.6325196108863116,0.06458606,-0.6551276800933955,0.04680564,26.655855,0.39170516,7.31442,7.6767344,6.767985,5662.8564,2.8137,-0.4659,7.6480975,76.46782,37.33204945518815,-31.374112285064754,0.5149703281540753
6916198691587462272,315.3434024805422,-2.514041880364422,3.322519645531813,0.030415498,-0.5949153570148004,0.030079802,-7.029428631842369,0.024743171,10.74461,2.1992898,7.7473793,8.155676,7.1610155,5228.529,2.8316,-0.5653,9.401182,59.456535,46.643607861631,-29.836121107656204,0.5668640402564237
1846173863784284544,315.7329579388169,28.984831513374235,4.681490455444906,0.017878134,6.4215296218665205,0.017792612,-6.501114251638204,0.018520812,-7.399643,0.11876304,7.477367,7.9486365,6.8356824,,,,,,74.33483341909559,-11.630964051680946,1.0878772128189755
1732018855730384256,316.66643152389196,3.803342607771592,13.76563665259695,0.027533311,94.74828659499072,0.029359931,50.41821518044636,0.021656293,-71.90078,0.13230711,6.2485557,6.6975527,5.6272726,5289.0156,3.3192,-0.1,4.7242546,15.735443,53.56524481684158,-27.635771711122597,2.1838232268210245
1847742385838236416,319.2250419457915,27.258284953991307,5.453588224054991,0.018948369,47.02932895232427,0.015451133,36.44575165753849,0.01720293,-34.504524,0.12276211,7.9698925,8.464991,7.311268,4774.1333,2.8342,-0.25,6.277125,18.441208,75.08303900293494,-15.085622262646261,1.9289962563710414
2685539700391684096,319.68868696211547,-2.136963230534883,8.315195436181693,0.024932098,-22.6626779656482,0.027696328,-17.88865782105464,0.022505911,14.305858,0.123002365,7.89043,8.3280325,7.27964,5121.9263,3.3958,-0.2785,3.7427998,8.68505,49.630772273956985,-33.37517454419095,2.7224428047554907
1848491737368062592,320.3931051939257,28.564367729492094,7.735436112288521,0.019680303,-38.596473289125655,0.019118203,-69.7586119805234,0.019883627,23.461714,0.15344098,8.151468,8.528456,7.590632,,,,,,76.80189579382068,-14.962163264639733,2.7854387236991864
2670747867383796864,323.41422040903143,-6.373968114870257,3.1305917338003773,0.03111397,-6.68399318811238,0.030208522,-26.499742224809598,0.020491222,50.207478,0.12064508,7.977072,8.451316,7.33756,5006.1064,2.765,-0.1386,10.002381,56.52155,47.47123943404468,-38.733036052677186,0.7141244036003083
2667434008056899712,325.8537602263161,-7.408244932074518,6.763744883159931,0.026961125,2.1839762070040956,0.027387366,1.7812879233983958,0.02371792,-18.624233,0.12000284,8.0767145,8.578194,7.4132667,4799.426,2.9863,-0.2528,4.7403517,10.7105055,47.87661621676914,-41.34817719572618,2.5081398844588167
2693665915954426752,325.8562390846164,1.800789214648067,11.00626109806419,0.020427458,147.37204718166714,0.020491043,-27.153676884065455,0.016701229,-40.33945,0.11892022,8.083446,8.542123,7.454113,5119.416,3.5101,-0.4769,2.626464,4.6122174,57.79592047363067,-36.320733202773596,3.540045021118736
2666589102090422656,326.6836158725122,-8.007368598940348,6.331029639796773,0.024737168,19.194519385612853,0.02838476,-41.18713175873964,0.024125697,-20.189075,0.12966229,8.021383,8.446664,7.4182906,5131.7544,3.179,-0.5318,4.5672026,13.023697,47.726578955330126,-42.35947674078665,2.253650520183475
1778951234683902976,329.22160976448976,17.439765257359685,6.967179858212979,0.030945048,-16.25770787884632,0.025333043,-3.418669074483353,0.029040774,-26.990147,0.1357146,7.7323794,8.204069,7.0902386,4879.3784,2.9263,-0.5435,5.0593987,15.166207,74.38715137871874,-28.543853392645996,2.206615932670967
2206026908408317440,331.3080913423046,63.57841295116343,5.087944654913184,0.203517,24.719688868210127,0.2538723,3.711221648260073,0.26191422,-10.56829,0.16807964,6.8009095,7.1484585,6.129869,5164.4478,2.8741,-0.29,8.606783,69.003075,105.6535209515738,6.429893023875126,0.5547768594589885
6819334259799844352,332.8433111536013,-22.20869245662092,6.559479981491526,0.023720618,-7.795407351455136,0.022000493,-3.7072143585501003,0.01991759,-13.717817,0.13573427,7.8620777,8.310048,7.24255,5205.462,3.3253,-0.0705,4.743798,14.888226,31.672708502002788,-53.45562417434938,2.186604231187411
1775004778213735168,332.963863851598,16.040478120102815,18.459330163303328,0.039203115,-3.2631390201684374,0.044886954,-17.295733035496728,0.035586126,16.255424,0.12062807,5.6828136,6.1566434,5.041923,,,,,,76.29344049244166,-32.02110724128533,2.2732123034996485
2595360574179855104,336.762400490189,-17.26411908371357,8.964810816058101,0.031368077,-85.89240291520895,0.030576816,-104.04196709632893,0.02880789,14.853911,0.12292036,7.3638577,7.8123946,6.747248,5253.4624,3.3525,-0.104,4.3533854,13.005231,41.79352998606607,-55.29099515907802,2.3658094045512676
2624846692897784320,337.61653171192603,-4.816342147879012,8.134723403626301,0.024604058,97.06144264589217,0.024476279,51.091022859291535,0.026362462,-53.38572,0.12020891,7.846327,8.26796,7.2475257,5175.639,3.3577,-0.4375,3.7838223,9.256985,60.199191250567694,-49.69246060981562,2.619898777429067
6608953876740211840,340.7180741126473,-27.887163867738785,9.21761127369062,0.025535908,74.84541938993358,0.022587502,-61.11482848260776,0.019620111,-29.845839,0.14339273,8.052425,8.487526,7.4474425,5134.705,3.5802,-0.0556,3.0821292,5.938183,23.868018925203877,-61.56416154976567,3.104932487526525
1888064707041946880,341.3923181543212,30.441004094445322,16.810809903409613,0.021822503,-251.8107344809658,0.013437512,-349.49389856672605,0.016300313,-1.2360766,0.117429,6.122071,6.602941,5.4694653,,,,,,93.1442635712824,-25.051936408931805,2.517142956642599
1988497981778240512,341.9512643079709,49.17862225034561,7.145722171265677,0.017178228,0.05508676854058736,0.015974775,5.4690628995388595,0.016621858,6.493161,0.12568116,7.8008566,8.244547,7.1835704,5371.064,3.3336,-0.1068,4.376586,14.359267,103.06458851113683,-8.864756546965056,2.308682747155069
2610913269233969408,344.0851838211599,-6.5459156431478105,7.9112161076947665,0.03382333,-1.4124250804704577,0.037663154,-17.54541706201016,0.037716255,-30.991446,0.13885608,7.8863235,8.326344,7.274712,5316.928,3.4491,-0.103,3.8109438,10.459178,64.65448533302228,-55.79087784816343,2.6114578908409527
2606658193594148224,345.2826377858348,-9.554311265101898,9.025169054115478,0.019117802,-24.668389093272626,0.020374447,-89.22224299916111,0.019503517,-2.168351,0.12989274,7.6341586,8.082252,7.01492,5009.1167,3.1795,-0.458,3.977715,8.962384,61.72025436385561,-58.60758615383067,2.6515484980669943
2634943576895459968,345.4763149605939,-5.9664412991299445,7.732517004002308,0.023081036,21.136852623167215,0.023230093,-33.764557659624806,0.01975056,-8.96452,0.14801358,7.612914,8.073877,6.9803514,5221.911,3.3336,-0.1009,4.614407,14.264274,67.07243011758042,-56.44775369623451,2.305154026648052
2605432547366879872,345.63259437142125,-11.265763827524106,10.67135307417263,0.032324653,-65.0832885233044,0.033692747,-15.534289370843181,0.029714914,-0.35756513,0.12976071,7.516036,7.9886465,6.8790936,4953.6934,3.4114,0.0338,3.6947265,7.396429,59.43881084701913,-59.90685621825074,2.914321375875339
2386410312150368256,349.2071978758029,-21.20331718361365,9.804630979108232,0.023201104,19.959678452558723,0.027470298,-50.215132793400464,0.019792281,3.6760323,0.119594336,6.991939,7.491801,6.3328567,4853.174,3.0942,-0.0167,5.380955,14.46104,43.16405180195916,-67.66194716425201,2.2270177776510285
2412257872013972224,350.3071125582867,-12.829884543941768,2.897111349588603,0.021809105,-14.591710227934634,0.024642473,-4.068872083791749,0.021671537,-46.032917,0.1254566,8.117994,8.611638,7.458875,5028.392,2.696,-0.1828,10.42675,62.71027,62.59420483695464,-64.51047729514488,0.7031032419156293
2839787918910610432,351.9925709169154,23.58685037617628,7.988316385821845,0.024164213,79.15166678471586,0.024135072,27.831747920597564,0.017856652,-15.575589,0.12741572,7.605936,8.078706,6.9673843,4986.136,3.2204,-0.134,4.738523,12.5081415,99.31522992792397,-35.428023092571976,2.3761285899630438
2388468250024656512,353.2111903609401,-21.687721325000886,11.264483675039655,0.025864314,23.365916862769133,0.023722455,-7.072363250334405,0.022680802,-1.1363422,0.12384031,7.865346,8.267947,7.2946134,5566.7554,3.9607,0.0279,2.5551672,4.373719,45.584770914935184,-71.32378737975247,3.328187619287509
2440622042195255168,354.4705902762155,-5.97860301133293,6.3916901272395625,0.028790057,43.267310796851916,0.036201667,-53.98364084367039,0.023788087,-12.618099,0.124153115,8.100413,8.615385,7.4255104,4851.4053,3.1116,-0.0024,5.0953555,12.944977,80.03307015277892,-62.55369171985886,2.419812135334597
1925979647539056768,357.79463906679064,44.54753021111208,6.24926082484842,0.023853688,23.855392815340185,0.02136996,-38.605556112640194,0.018415477,-52.64326,0.121669926,7.938798,8.437779,7.2421355,4928.567,3.1034,-0.0817,5.6009502,16.67788,111.76262842473065,-17.01340768800365,2.2117954056963374
2743691667793126400,358.6520711338679,5.056359736022222,7.599989254810828,0.45817322,119.65967972081424,0.63244027,-54.677705718078876,0.35864538,-3.3324075,0.30124444,8.100318,8.421381,7.582326,5795.585,3.8569,0.3809,2.7414172,7.665415,97.69852320732255,-55.006857971384726,2.6628365227938473
2449415592596321152,359.9549876957503,-2.112699459963973,6.031479012389912,0.03386115,80.52246488613932,0.03448258,-21.409077812674315,0.018166889,-17.320444,0.17206943,8.175702,8.528039,7.6496983,5902.2266,3.5944,0.2903,3.4358687,12.910591,94.45054674006319,-62.09570043607484,2.2490223138785725
395581679270412160,0.6673245670185264,51.47237631270054,4.176887212303182,0.01620787,41.63948788194115,0.013944964,-5.3025039297621746,0.012991627,-6.1978927,0.11895897,7.446955,7.9326854,6.7973056,4827.105,2.5981,-0.2604,10.149299,50.37414,115.23901774423902,-10.669457537879678,0.8191473646895615
428099632583836160,7.475204228792518,59.2545569078376,9.445684165544437,0.016755579,-3.064713339245559,0.016159127,-69.71578938707489,0.016770545,-12.420585,0.12169634,8.013672,8.454952,7.4039125,5027.8315,3.4504,-0.1789,3.1593702,5.744795,120.1771915457023,-3.5019494128577495,3.1235253172607136
609757748260176896,132.04373295190595,15.110659356703046,3.2090814856810246,0.026105892,-8.056203339221192,0.02509844,-2.7205500004424525,0.02042067,2.9479358,0.12993756,8.092858,8.576707,7.4446244,5010.269,2.814,-0.0715,9.357087,49.696453,211.7528951504755,32.53661020654339,0.8913067750352504
4601174794643028736,267.00432635078784,32.65593667626157,6.099145808587525,0.017666642,-28.780064217142087,0.019783787,19.89229276321752,0.021790812,-65.84015,0.120739885,8.06825,8.578061,7.395448,4959.2227,3.1257,-0.1601,5.339513,15.536455,57.797295105640536,26.792474807418337,2.282741146269193
