Star,RAdeg,DEdeg,Vmag,e_Vmag,Av,e_Av,Plx,e_Plx,pmRA,pmDE,RVel,SNR,Teff,e_Teff,log(g),e_log(g),Fe/H,e_Fe/H,Vt,e_Vt,Vmacro,Vsin(i),e_Vsin(i),Mass,e_Mass,Rad,e_Rad,Age,e_Age,UVel,VVel,WVel,Ksmag,Teffp,e_Teffp,source_id
HD 1100,3.81777959,-6.13821196,7.762,0.013,0.099,0.035,7.12,0.92,-36.51,-49.99,22.749,199,4808,29,2.89,0.17,-0.06,0.02,1.165,0.03,4.0,0.6,0.8,1.284,0.112,5.627,0.648,4.449,1.303,36.132,-6.115,-29.551,5.319,4801.0,32.0,2443383774886310528
HD 1293,4.27312298,-1.65301289,8.376,0.016,0.099,0.035,6.31,1.05,25.88,11.56,45.14,241,5160,21,3.27,0.06,-0.44,0.01,0.99,0.03,3.51,2.2,0.6,1.25,0.099,3.674,0.502,3.672,0.929,-25.861,17.024,-39.147,6.354,5247.0,46.0,2541687192515862912
HD 1384,4.55058081,52.4125498,8.097,0.013,0.11,0.015,9.34,1.14,-14.9,-56.14,-35.185,144,4875,50,3.39,0.18,0.31,0.02,1.093,0.06,3.39,2.4,0.4,1.381,0.105,3.581,0.449,4.067,0.935,28.312,-29.649,-20.65,5.785,4947.0,37.0,419139506169426944
HD 1502,4.82110857,14.05475398,8.349,0.015,0.108,0.08,6.28,0.75,74.64,-18.15,-10.024,170,4988,22,3.21,0.07,0.0,0.01,1.123,0.03,3.43,1.2,1.0,1.54,0.097,4.355,0.532,2.617,0.479,-40.35,-41.97,-8.545,6.12,5027.0,44.0,2768172019308167296
HD 2946,8.14629082,-18.10912237,8.08,0.013,0.099,0.035,7.41,0.94,34.13,15.59,10.46,254,5488,15,3.64,0.06,-0.23,0.01,1.171,0.02,3.82,3.4,0.8,1.452,0.111,3.221,0.471,2.638,0.566,-24.045,-0.934,-10.325,6.275,5508.0,45.0,2364170902772821888
HD 3458,9.34561534,-19.56502439,8.257,0.013,0.099,0.035,3.53,0.8,-3.82,-3.96,-4.607,223,5168,25,2.9,0.09,-0.04,0.02,1.42,0.03,4.0,3.2,0.6,2.102,0.257,6.393,1.469,1.019,0.356,7.253,-2.47,4.137,6.18,5156.0,31.0,2363035828815476864
HD 4313,11.41815996,7.84502103,7.829,0.014,0.1,0.074,7.3,0.76,-5.14,6.69,14.482,181,4943,29,3.26,0.06,0.09,0.02,1.104,0.03,3.41,2.2,0.4,1.658,0.109,5.068,0.533,2.188,0.43,-3.335,11.923,-9.298,5.595,5015.0,40.0,2557541493057378048
HD 4395,11.55728796,-11.45237787,7.689,0.013,0.099,0.028,10.56,0.68,-106.18,-38.11,-0.439,249,5610,18,3.75,0.07,-0.15,0.01,1.218,0.03,4.03,1.2,1.0,1.358,0.047,2.681,0.191,3.298,0.408,49.21,11.52,-3.237,5.972,5620.0,43.0,2377392804974771968
HD 4917,12.77614783,-12.92760455,8.051,0.015,0.099,0.028,7.44,0.84,21.61,-15.2,-11.482,180,4794,50,2.85,0.17,0.08,0.03,1.252,0.04,4.0,2.2,0.6,1.268,0.108,4.902,0.549,5.01,1.471,-4.942,-17.733,8.737,5.61,4801.0,31.0,2376225982619175424
HD 5891,15.13830018,20.2924828,8.121,0.015,0.396,0.396,3.98,1.21,2.64,-41.89,-96.564,239,4795,22,2.5,0.03,-0.35,0.01,1.465,0.03,4.0,3.2,0.4,1.143,0.202,9.773,1.933,5.694,3.296,56.833,-88.163,28.657,5.621,4994.0,31.0,2788816827588309120
HD 6019,15.41505988,7.30529335,7.732,0.013,0.099,0.073,7.46,0.84,-19.1,-2.42,-23.812,252,5071,21,3.09,0.06,-0.48,0.01,1.21,0.03,3.46,1.0,0.8,1.219,0.086,4.781,0.48,3.959,0.919,18.923,-4.99,18.268,5.579,5100.0,43.0,2577612120045309056
HD 6030,15.42870486,9.74602251,7.863,0.014,0.087,0.065,9.08,1.03,15.12,36.19,-21.0,211,4972,25,3.27,0.09,-0.02,0.01,1.079,0.03,3.42,1.2,0.6,1.394,0.078,3.796,0.399,3.451,0.574,-7.004,-1.722,28.43,5.553,4930.0,40.0,2581552907158148224
HD 7530,18.7834793,-22.8994699,8.316,0.013,0.098,0.037,6.38,1.32,47.37,3.43,55.245,257,5033,18,3.24,0.05,-0.33,0.01,1.116,0.02,3.45,1.6,0.8,1.194,0.115,3.985,0.651,4.647,1.514,-36.505,-17.887,-51.427,6.087,5018.0,38.0,5041629394561540096
HD 7931,19.63437081,-28.73295461,7.926,0.012,0.1,0.038,8.06,0.76,75.5,5.23,11.248,191,4814,29,3.07,0.08,0.06,0.02,1.1,0.03,3.38,1.8,0.6,1.298,0.083,4.754,0.425,4.556,0.987,-38.315,-24.418,-6.597,5.512,4844.0,37.0,5030097544812093952
HD 7980,19.85056751,18.13777069,7.64,0.012,0.141,0.141,7.51,0.68,-73.34,-59.79,-35.83,174,4750,46,2.87,0.2,0.06,0.03,1.206,0.04,4.0,1.0,0.8,1.34,0.11,6.214,0.596,4.151,1.11,67.684,-14.982,-6.755,5.202,4837.0,29.0,2785706343553313408
HD 8375,20.90615147,34.24588758,6.286,0.011,0.06,0.021,17.65,0.39,233.1,117.8,4.6,256,5240,11,3.6,0.03,-0.03,0.01,1.033,0.02,3.56,0.6,0.8,1.604,0.022,3.707,0.096,2.276,0.086,-58.681,-19.825,33.245,4.29,5231.0,42.0,319946961581873280
HD 8407,20.76089051,-16.56031152,7.764,0.012,0.098,0.037,10.39,0.94,94.71,64.7,-6.833,233,4977,18,3.05,0.03,-0.25,0.01,1.15,0.02,3.42,2.2,0.4,1.127,0.065,3.711,0.335,6.027,1.248,-49.757,-2.384,17.434,5.479,4962.0,39.0,2451577610414636672
HD 8508,21.17891865,36.06390331,7.872,0.012,0.161,0.055,5.61,0.66,46.13,-79.0,9.086,225,4816,26,2.57,0.06,-0.28,0.02,1.427,0.03,4.0,3.6,0.4,1.212,0.13,7.405,1.158,4.705,1.726,-24.558,-45.446,-58.222,5.352,4784.0,31.0,320755579368807168
HD 9156,22.57801433,11.09089735,8.428,0.017,0.117,0.087,4.03,0.95,8.41,1.21,28.918,229,5036,18,2.8,0.09,-0.09,0.01,1.385,0.03,4.0,2.6,0.6,2.128,0.252,8.573,2.001,1.025,0.334,-21.986,7.281,-19.994,5.938,4775.0,32.0,2585502078047111424
HD 9218,22.55779613,-28.86543582,7.956,0.012,0.1,0.038,6.74,0.65,40.96,-9.27,11.171,224,4830,25,2.91,0.16,-0.14,0.02,1.135,0.03,4.0,0.0,0.8,1.236,0.093,5.601,0.51,4.822,1.242,-19.819,-23.693,-6.565,5.562,4847.0,29.0,5035157325523945856
HD 9313,22.97857228,16.04695686,7.817,0.012,0.088,0.065,9.03,0.74,2.75,-148.06,-14.84,189,4934,29,3.28,0.08,0.0,0.02,0.915,0.04,3.41,1.6,0.8,1.389,0.074,4.152,0.341,3.533,0.564,34.168,-57.701,-42.035,5.483,4908.0,37.0,2592090901476690048
HD 9554,23.31615748,-25.66720006,8.355,0.014,0.1,0.036,5.38,0.78,55.53,-32.75,-18.085,221,4813,29,2.43,0.14,-0.35,0.02,1.432,0.03,4.0,3.2,0.6,1.032,0.087,6.229,0.72,7.884,2.359,-17.982,-51.131,24.821,5.914,4808.0,38.0,5036972859739884032
HD 9625,23.56810341,-6.27259106,8.389,0.015,0.098,0.037,3.13,1.07,-8.21,-28.02,-26.883,212,4964,29,2.75,0.11,-0.03,0.02,1.345,0.03,4.0,2.2,0.6,2.158,0.239,9.389,1.585,1.054,0.337,41.199,-30.414,7.471,6.092,4934.0,34.0,2478093948225693184
HD 10011,24.35865432,-15.99768292,7.996,0.013,0.098,0.037,7.68,0.87,69.89,23.34,47.0,225,5115,18,3.43,0.08,-0.12,0.01,1.092,0.02,3.48,2.0,0.6,1.54,0.093,4.026,0.463,2.416,0.425,-53.946,-12.498,-34.803,5.88,5136.0,41.0,2452515150235766656
HD 10212,25.20706456,45.01895994,8.136,0.014,0.126,0.043,7.7,0.88,-48.86,-50.01,-26.4,233,4929,22,3.08,0.05,-0.14,0.01,1.07,0.02,3.41,2.2,0.4,1.247,0.08,4.223,0.431,4.605,1.006,41.319,-10.967,-26.873,5.818,4954.0,39.0,350486446801241088
HD 10245,25.0981469,7.08658407,8.228,0.015,0.104,0.077,6.84,1.11,2.52,-32.18,0.0,96,4671,57,3.03,0.13,0.17,0.03,0.823,0.07,3.35,2.6,0.8,1.194,0.115,5.37,0.824,6.552,2.217,0.0,0.0,0.0,5.836,4868.0,39.0,2565548793861285248
HD 10383,25.28736342,-9.96857564,8.287,0.017,0.098,0.037,5.86,0.84,-0.89,-34.01,20.676,152,4838,43,3.14,0.09,0.18,0.03,1.141,0.05,3.38,1.8,0.8,1.539,0.209,5.38,1.168,2.881,1.144,8.799,-18.468,-27.685,5.931,4896.0,39.0,2464004703148221696
HD 10479,25.51431837,-4.94447815,8.767,0.018,0.098,0.037,3.59,1.06,27.53,19.95,2.045,235,4941,25,2.54,0.09,-0.29,0.02,1.474,0.03,4.0,2.2,0.4,1.327,0.242,6.249,2.345,3.557,1.992,-42.243,-1.762,15.234,6.441,4911.0,34.0,2480152165273604736
HD 10823,26.49043992,-4.22867213,8.105,0.015,0.098,0.037,7.55,0.76,-19.66,-38.06,25.65,226,5167,18,3.46,0.07,-0.17,0.01,1.083,0.02,3.51,0.4,1.0,1.513,0.083,3.839,0.409,2.464,0.394,11.344,-5.773,-34.919,6.023,5174.0,51.0,2480297541326355584
HD 10909,26.67353205,-24.01397533,8.099,0.013,0.1,0.036,7.41,0.87,151.45,96.25,8.76,210,4855,25,3.11,0.04,-0.45,0.01,1.443,0.03,3.39,3.8,0.4,0.945,0.038,5.571,0.442,10.074,1.418,-113.306,-12.656,16.038,5.544,4706.0,41.0,5038295950184756736
HD 11288,27.58461085,-23.77186757,8.467,0.014,0.1,0.036,5.52,1.23,57.78,-15.66,9.4,225,5218,15,3.35,0.07,0.01,0.01,1.3,0.03,3.54,5.0,0.4,1.545,0.206,3.417,0.83,2.571,1.017,-30.806,-42.203,1.147,6.387,5176.0,45.0,5134394159805515136
HD 11970,29.60127276,40.91366703,8.233,0.014,0.125,0.043,7.71,0.96,111.26,-9.28,-14.377,260,5154,11,3.53,0.03,-0.26,0.01,1.037,0.02,3.5,0.8,0.8,1.345,0.085,3.321,0.417,3.223,0.585,-40.04,-54.905,17.353,6.139,5188.0,39.0,345684982602131584
HD 12137,30.0894663,44.10270698,7.668,0.012,0.131,0.045,7.29,0.73,33.63,-14.64,-12.799,223,4947,25,3.05,0.04,0.02,0.02,1.136,0.03,3.41,2.4,0.4,1.69,0.123,5.59,0.711,2.003,0.422,-7.063,-26.119,0.767,5.398,5007.0,41.0,346716874264268032
HD 12164,29.94415781,15.95788312,8.036,0.013,0.142,0.142,7.48,0.88,-28.83,-18.7,-18.252,253,5486,15,3.6,0.03,-0.11,0.01,1.244,0.02,3.82,0.4,1.2,1.535,0.101,3.399,0.415,2.44,0.45,28.179,-3.656,-0.104,6.212,5527.0,49.0,78635667164851072
HD 13167,32.05742471,-24.69540754,8.325,0.016,0.1,0.036,8.55,1.21,43.0,-37.02,15.78,228,5744,25,3.78,0.07,0.21,0.01,1.358,0.02,4.36,2.8,0.6,1.297,0.092,2.046,0.246,4.333,2.32,-7.68,-33.043,-9.375,6.711,5734.0,47.0,5121479777262042112
HD 14787,35.80855513,10.83674593,7.646,0.013,0.093,0.069,8.19,1.11,-12.11,11.9,-8.22,218,5004,25,3.29,0.15,-0.05,0.02,1.071,0.03,3.43,1.6,0.8,1.533,0.126,4.491,0.696,2.55,0.597,7.419,7.138,7.625,5.388,4985.0,40.0,24570756281835392
HD 15336,36.93718826,-11.97902798,8.93,0.021,0.1,0.036,5.06,1.43,-9.73,-13.59,-30.453,241,5122,25,3.16,0.06,-0.19,0.01,0.91,0.03,3.49,2.6,0.4,1.262,0.158,2.957,0.639,4.205,1.722,27.477,-2.773,20.246,6.848,5177.0,49.0,5171636748942069248
HD 15391,37.07944711,-11.71634666,8.628,0.02,0.1,0.036,3.69,0.97,-3.97,20.23,28.682,222,4930,22,2.89,0.16,-0.45,0.02,1.256,0.02,4.0,1.2,1.0,1.118,0.152,8.416,2.418,5.668,2.594,-25.139,22.191,-19.992,6.334,4946.0,35.0,5171668016303977984
HD 15928,38.31417251,-14.36275033,7.815,0.014,0.1,0.036,9.88,0.82,-40.19,32.42,11.064,247,5389,18,3.67,0.07,-0.25,0.01,1.134,0.03,3.69,2.2,0.6,1.371,0.07,2.93,0.281,3.042,0.405,-1.925,23.475,-13.47,5.95,5434.0,46.0,5146164981536686336
HD 16175,39.25796235,42.06263206,7.291,0.011,0.051,0.031,17.28,0.67,-38.9,-40.37,21.949,231,5960,25,4.1,0.06,0.31,0.02,1.272,0.03,4.42,4.2,0.6,1.339,0.026,1.709,0.072,3.172,0.807,-10.405,14.252,-20.172,5.853,5915.0,47.0,340028235795364864
HD 16178,39.04983969,15.14870116,8.41,0.015,0.396,0.396,4.38,0.74,-1.98,-40.02,-24.585,209,4967,29,2.72,0.1,-0.09,0.02,1.384,0.03,4.0,1.6,0.8,1.985,0.121,8.565,0.762,1.291,0.231,32.075,-35.906,-12.923,5.762,4850.0,31.0,81161795129745920
HD 16984,40.95084647,12.0297193,8.227,0.019,0.067,0.016,7.58,0.89,55.72,3.11,69.677,223,4917,22,3.12,0.08,-0.16,0.02,1.075,0.03,3.4,1.4,0.8,1.177,0.086,4.112,0.455,5.57,1.431,-71.268,-5.193,-31.094,5.804,4807.0,42.0,25566570219250816
HD 17311,41.63264789,-8.02807911,8.212,0.014,0.177,0.018,6.78,0.7,-51.26,-17.81,18.516,222,5054,22,3.41,0.12,-0.09,0.01,1.059,0.03,3.45,1.2,0.6,1.568,0.089,4.463,0.465,2.335,0.39,18.997,13.763,-35.101,6.056,5168.0,40.0,5174476581318091776
HD 17620,42.23242819,-24.60979917,8.202,0.012,0.1,0.038,4.85,0.91,-6.73,-2.11,1.34,233,5230,18,3.51,0.04,-0.16,0.01,1.125,0.02,3.55,2.8,0.6,1.79,0.186,4.917,0.931,1.512,0.455,4.963,2.558,-4.26,6.118,5174.0,41.0,5076495080078769920
HD 18015,43.36336189,-8.84802119,7.913,0.013,0.148,0.015,8.34,0.79,63.7,-4.73,19.008,232,5643,15,3.63,0.07,-0.14,0.01,1.328,0.03,4.1,3.4,0.8,1.449,0.073,3.075,0.317,2.816,0.415,-30.676,-27.173,-0.273,6.204,5689.0,46.0,5173468908975401856
HD 18645,44.971542,-0.679719,7.862,0.015,0.09,0.066,8.75,0.83,-6.99,-24.77,-2.656,226,5517,30,3.5,0.03,0.04,0.02,1.468,0.04,3.86,8.8,0.6,1.5,0.072,3.089,0.305,2.835,0.475,10.517,-7.585,-5.774,5.999,5413.0,46.0,5188040255542012032
HD 18667,45.03415287,0.23542665,8.311,0.02,0.095,0.071,7.93,1.53,45.66,-6.5,3.66,207,4928,25,3.11,0.06,-0.09,0.01,1.126,0.03,3.41,1.8,0.6,1.198,0.102,3.586,0.559,5.449,1.643,-16.329,-20.887,8.402,6.019,4954.0,42.0,7632157690368
HD 18742,45.04440167,-20.80260631,7.822,0.013,0.1,0.036,7.39,0.78,-19.81,-23.37,-13.831,223,4997,18,3.13,0.03,-0.14,0.01,1.15,0.03,3.43,1.6,0.6,1.474,0.097,4.759,0.552,2.729,0.521,23.743,1.012,3.575,5.554,4982.0,42.0,5079636934554540160
HD 19522,47.0053269,-12.04132568,8.122,0.013,0.153,0.015,8.06,1.0,140.42,45.41,57.359,228,5570,11,3.83,0.07,-0.12,0.01,1.137,0.02,3.95,0.0,1.2,1.391,0.104,2.82,0.407,3.159,0.832,-94.429,-43.612,2.288,6.414,5694.0,47.0,5159658909787243648
HD 19659,47.17702968,-35.43289844,7.114,0.011,0.154,0.012,10.47,0.52,-27.22,-112.76,1.974,262,5745,20,3.72,0.08,0.09,0.02,1.317,0.03,4.37,4.2,0.4,1.617,0.043,3.492,0.181,2.331,0.193,46.477,-24.004,-5.099,5.459,5754.0,43.0,5047659906603781376
HD 21340,51.40204264,-27.27248989,7.397,0.011,0.16,0.013,7.39,0.68,68.17,-0.15,21.9,241,4948,25,3.07,0.03,-0.09,0.01,1.131,0.03,3.41,1.6,0.6,1.813,0.144,7.221,0.992,1.57,0.335,-30.978,-37.347,6.116,5.137,5043.0,40.0,5060697056494141312
HD 21449,52.23845417,40.18646846,7.327,0.012,0.252,0.008,6.15,0.72,29.18,1.0,-5.328,215,4745,42,2.54,0.09,0.01,0.03,1.4,0.03,4.0,2.6,0.4,1.518,0.209,10.597,0.692,2.924,1.239,-6.369,-16.817,14.543,4.814,4857.0,33.0,236810241708097152
HD 21581,52.227025,-0.417531,8.718,0.015,0.271,0.065,4.03,1.0,67.09,-78.56,152.943,259,4918,29,2.31,0.13,-1.61,0.03,1.596,0.11,4.0,0.0,3.4,0.864,0.058,15.119,1.16,9.14,2.095,-103.792,-129.639,-102.86,6.414,5101.0,35.0,3264098320880651008
HD 22233,53.58382361,-14.71044808,7.937,0.014,0.195,0.02,6.01,1.0,3.28,-1.8,19.434,227,5174,25,3.13,0.07,-0.02,0.01,1.244,0.02,3.52,3.0,0.4,1.856,0.169,4.987,0.839,1.478,0.395,-11.734,-7.616,-13.809,5.687,5084.0,39.0,5112130045775758464
HD 22657,54.585272,-11.20146171,7.83,0.014,0.152,0.015,8.09,0.87,40.54,30.44,65.61,203,4828,25,3.07,0.06,-0.03,0.01,1.121,0.03,3.38,1.6,0.6,1.281,0.094,5.016,0.495,4.602,1.16,-63.697,-17.308,-28.814,5.417,4886.0,39.0,5115486545537710976
HD 22682,54.82105522,13.8914908,6.677,0.012,0.015,0.004,13.89,0.57,12.66,-100.91,-25.5,246,5055,21,3.36,0.13,-0.06,0.01,1.059,0.02,3.45,0.4,0.8,1.553,0.041,4.246,0.189,2.446,0.186,29.448,-31.098,-4.555,4.531,5030.0,37.0,41201178891455872
HD 22844,55.7283181,56.4051571,8.125,0.014,0.306,0.07,9.81,0.72,58.13,-20.7,-26.972,217,5265,22,3.78,0.06,0.21,0.01,1.079,0.03,3.58,2.0,0.6,1.516,0.062,3.077,0.231,3.016,0.364,5.968,-38.834,8.54,6.129,5472.0,42.0,445706451573657728
HD 23134,55.5081495,-21.23725321,8.318,0.014,0.16,0.013,6.0,1.14,-19.55,-20.54,18.831,200,4892,26,3.17,0.06,0.0,0.02,1.041,0.03,3.4,1.6,0.6,1.421,0.207,4.785,1.226,3.386,1.451,8.793,-7.227,-26.963,6.022,5006.0,40.0,5088791090411440256
HD 23825,57.09140366,10.79306356,7.929,0.014,0.043,0.01,9.18,0.81,-21.68,-117.36,-16.793,222,5640,15,3.78,0.06,0.13,0.01,1.217,0.03,4.09,3.2,0.8,1.403,0.087,2.574,0.237,3.232,2.645,39.05,-38.928,-32.247,6.185,5504.0,47.0,36227297525551488
HD 24148,57.5432217,-16.77526339,8.14,0.015,0.208,0.021,5.57,0.91,46.66,0.9,49.483,223,4926,25,3.1,0.05,-0.1,0.01,1.16,0.03,3.41,1.8,0.6,1.63,0.248,6.498,1.755,2.146,0.903,-46.702,-41.401,-11.445,5.809,5013.0,39.0,5108073462048491264
HD 24316,57.88586416,-17.16648839,7.712,0.014,0.207,0.021,5.58,0.78,-66.35,-65.08,52.272,205,4792,26,2.87,0.08,-0.12,0.02,1.19,0.03,4.0,1.0,0.8,1.433,0.156,9.543,1.826,3.156,1.065,30.72,-17.901,-87.763,5.294,4911.0,36.0,5107766874400178176
HD 24365,58.40726726,28.14811281,7.879,0.013,0.174,0.073,10.07,0.97,99.01,-11.31,19.276,229,5205,15,3.62,0.03,-0.25,0.01,1.042,0.02,3.54,0.0,0.8,1.343,0.072,3.093,0.317,3.236,0.488,-36.351,-29.534,19.458,5.821,5278.0,40.0,166918475121503104
HD 25622,60.81571891,-21.41743214,7.626,0.013,0.16,0.013,6.54,0.93,4.87,26.77,-1.817,216,5021,25,3.12,0.07,-0.06,0.02,1.144,0.03,3.44,2.4,0.4,1.975,0.177,7.63,1.514,1.268,0.31,-14.653,10.905,7.658,5.407,5085.0,44.0,5090659538623512320
HD 25975,62.06411652,37.72749471,6.071,0.011,0.292,0.146,22.68,0.34,-100.02,-196.3,-44.35,224,4974,39,3.37,0.11,0.09,0.02,1.034,0.03,3.42,0.0,1.2,1.52,0.048,4.135,0.128,2.842,0.252,44.323,-29.419,-35.459,0.0,0.0,0.0,225643223661003392
HD 26007,61.54759581,-23.27981685,8.397,0.012,0.16,0.013,4.78,0.9,25.36,19.73,9.167,224,4830,25,2.73,0.06,-0.27,0.01,1.239,0.03,4.0,1.2,0.8,1.156,0.137,6.924,1.725,5.607,2.29,-29.023,-8.051,13.866,5.892,4796.0,33.0,5089410768291958400
HD 26634,63.04665317,-13.63717234,7.998,0.014,0.242,0.022,6.13,0.76,63.88,-14.55,8.476,216,4943,22,3.04,0.05,-0.27,0.01,1.158,0.02,3.41,1.4,0.8,1.333,0.103,5.64,0.638,3.393,0.818,-15.37,-42.342,24.692,5.701,5079.0,41.0,3176710408016328448
HD 27297,64.68402808,3.14904452,8.247,0.019,0.069,0.017,7.47,1.3,63.18,-33.34,42.493,218,5174,21,3.56,0.06,-0.03,0.01,1.021,0.03,3.52,1.2,0.8,1.424,0.142,3.033,0.546,3.192,0.949,-39.334,-47.89,-4.496,6.11,5087.0,42.0,3283236282835562880
HD 27956,66.04206235,-16.04184962,8.08,0.013,0.242,0.022,6.9,0.9,-14.97,-58.75,45.984,227,4885,25,3.03,0.05,-0.18,0.01,1.131,0.03,3.4,2.2,0.4,1.244,0.102,5.154,0.596,4.573,1.279,0.941,-38.768,-48.431,5.732,5025.0,42.0,3172208212842250240
HD 28678,67.85606392,4.57529762,8.447,0.02,0.391,0.164,4.41,0.93,4.03,-8.82,61.465,225,5091,25,3.21,0.13,-0.15,0.02,1.188,0.03,3.47,1.0,0.8,2.083,0.223,8.339,1.856,1.047,0.306,-50.468,-20.11,-30.581,5.775,4837.0,42.0,3282351760091020672
HD 28737,67.93599227,-1.35259495,8.241,0.017,0.122,0.029,5.8,1.11,14.85,-25.03,-5.702,196,4736,25,2.81,0.14,-0.24,0.02,1.121,0.03,4.0,0.0,1.0,1.066,0.105,6.877,1.035,7.65,2.661,11.598,-21.361,2.743,5.677,4716.0,36.0,3206213809682845696
HD 30090,71.6121719,42.34856041,6.541,0.011,0.141,0.052,14.91,0.61,-3.68,70.45,23.377,303,5365,26,3.5,0.05,-0.25,0.02,0.788,0.05,3.67,3.0,0.2,1.559,0.039,3.803,0.169,2.134,0.15,-17.219,24.259,12.829,4.707,5518.0,42.0,203719133602370944
HD 30128,71.01308253,-21.10693387,8.266,0.014,0.242,0.022,4.12,0.92,25.98,0.72,20.863,201,4981,31,3.0,0.06,0.15,0.02,1.246,0.03,3.43,2.8,0.4,2.034,0.255,6.381,1.389,1.218,0.449,-20.357,-28.463,10.246,5.998,5105.0,41.0,2977028444894198144
HD 30166,72.16017092,58.3897325,7.673,0.011,0.341,0.13,7.27,0.62,-8.77,-54.66,-32.3,205,4825,36,2.86,0.18,-0.1,0.03,1.176,0.03,4.0,1.2,0.6,1.386,0.106,6.546,0.574,3.386,0.789,12.192,-34.685,-31.537,5.152,4924.0,30.0,278079826540465024
HD 30856,72.57442501,-24.36884155,7.918,0.011,0.23,0.021,8.47,0.71,18.91,-18.93,35.457,230,4967,25,3.17,0.09,-0.11,0.02,1.091,0.03,3.42,1.0,0.6,1.366,0.073,4.353,0.372,3.461,0.534,-14.198,-32.257,-15.472,5.657,5105.0,43.0,4893980371818915456
HD 30882,73.45986898,47.95627712,8.353,0.014,0.515,0.206,6.43,0.87,51.07,-41.9,-39.511,220,4831,33,2.91,0.16,-0.14,0.02,1.142,0.03,4.0,0.6,0.8,1.244,0.116,5.681,0.691,4.729,1.49,19.827,-58.967,7.919,5.832,5073.0,36.0,255758915864998272
HD 31018,73.34185318,24.1773647,7.633,0.013,0.563,0.281,11.38,0.97,12.61,-22.73,-4.147,291,5911,22,3.91,0.08,0.16,0.01,1.428,0.03,5.0,3.4,0.6,1.552,0.051,2.636,0.146,2.612,0.927,3.881,-10.904,-0.687,6.084,6493.0,55.0,3413702683319612288
HD 31451,74.46083941,39.63237281,8.078,0.016,0.268,0.099,7.69,0.87,-5.94,-17.92,0.644,251,4975,25,3.31,0.06,-0.09,0.01,1.053,0.03,3.42,0.8,0.6,1.407,0.094,4.335,0.52,3.2,0.617,-1.877,-6.103,-9.751,5.811,5133.0,40.0,199254326118502144
HD 31543,74.10330715,-7.02319711,8.163,0.015,0.162,0.073,5.57,1.05,6.88,-47.31,-6.94,229,5637,38,3.89,0.16,0.06,0.02,1.224,0.06,4.09,2.6,0.6,1.637,0.171,3.625,0.742,2.194,0.822,27.932,-29.259,-8.21,6.381,5593.0,53.0,3187208029642235008
HD 31693,74.45159576,-4.65495354,7.675,0.013,0.138,0.062,6.8,0.95,17.44,-20.85,29.318,180,4998,29,3.28,0.15,-0.05,0.03,1.081,0.03,3.43,2.0,0.6,1.872,0.195,7.071,1.592,1.478,0.416,-18.052,-28.139,-10.046,5.429,5037.0,39.0,3212619495706796928
HD 33142,76.89808933,-13.98647842,7.963,0.013,0.121,0.054,7.94,0.72,-7.49,35.37,33.525,210,5013,22,3.37,0.08,0.06,0.01,1.018,0.03,3.44,1.2,0.8,1.609,0.081,4.302,0.388,2.359,0.352,-37.832,-0.233,-12.592,5.792,5098.0,39.0,2986948238799721216
HD 33240,76.91066506,-28.97745375,8.234,0.013,0.242,0.022,6.43,1.03,1.98,-9.92,10.465,209,4785,33,2.37,0.08,-0.13,0.02,1.468,0.03,4.0,4.8,0.2,1.147,0.114,5.601,0.778,6.354,2.225,0.494,-11.219,-6.246,5.797,4922.0,34.0,4876988076744609536
HD 33298,77.7596466,39.28205809,8.288,0.015,0.253,0.094,8.18,3.13,23.92,20.17,-6.983,270,5413,14,3.75,0.04,-0.2,0.01,1.138,0.02,3.72,0.0,1.0,1.103,0.164,2.014,0.629,5.847,3.973,7.018,-0.32,18.116,6.385,5554.0,46.0,188486430790942976
HD 33844,78.15042069,-14.95111346,7.293,0.011,0.099,0.045,9.91,0.64,33.84,29.99,36.307,162,4833,36,3.14,0.07,0.18,0.02,1.194,0.04,3.38,2.0,0.6,1.531,0.093,5.259,0.365,2.912,0.531,-37.794,-18.898,0.71,4.945,4905.0,37.0,2986593268342544768
HD 34538,79.41767383,-13.51982741,5.495,0.01,0.051,0.023,20.4,0.39,-7.63,-49.16,75.3,251,4913,20,3.08,0.06,-0.28,0.01,1.102,0.02,3.4,1.4,0.6,1.239,0.046,5.525,0.144,4.264,0.528,-47.198,-44.885,-39.515,0.0,0.0,0.0,2988305826422644224
HD 34909,80.15615519,-5.82264099,8.002,0.014,0.126,0.057,7.53,1.13,-7.78,-29.24,-0.426,219,5022,22,3.13,0.04,-0.02,0.01,1.133,0.02,3.44,2.2,0.4,1.514,0.119,4.009,0.646,2.7,0.616,11.299,-10.08,-11.565,5.775,5045.0,42.0,3209947235775559936
HD 37445,84.52265654,-14.75615341,8.323,0.014,0.192,0.087,4.46,1.03,-19.24,5.59,38.804,212,4902,29,2.62,0.09,-0.14,0.02,1.392,0.03,4.0,1.0,0.8,1.595,0.262,7.649,2.51,2.283,1.055,-31.556,-7.609,-30.093,5.913,4907.0,30.0,2972356237733305472
HD 37601,85.75697376,56.58152362,6.052,0.011,0.148,0.056,16.9,0.38,15.29,29.2,-31.69,229,4963,22,3.24,0.06,0.06,0.01,1.098,0.03,3.42,1.8,0.6,1.706,0.039,5.234,0.15,1.979,0.13,31.829,-8.756,0.001,0.0,0.0,0.0,268432917676280704
HD 38505,86.68560645,11.05041615,7.634,0.013,0.084,0.003,8.94,1.16,57.41,-57.77,75.613,182,5001,29,3.54,0.06,0.12,0.02,0.993,0.04,3.43,1.6,0.8,1.625,0.114,4.264,0.551,2.35,0.495,-62.419,-60.707,-0.933,5.401,5002.0,38.0,3337001130124886144
HD 39142,87.65994927,1.69967404,7.95,0.014,0.192,0.033,4.69,1.0,-6.74,1.85,8.977,205,4789,26,2.5,0.07,-0.16,0.02,1.37,0.03,4.0,2.2,0.4,1.315,0.175,10.009,1.791,4.075,1.743,-8.966,1.299,-6.958,5.51,4879.0,34.0,3219978149075224832
HD 39731,88.64927517,5.35368987,8.265,0.015,0.122,0.021,7.24,1.65,-9.47,-8.65,32.695,216,5181,25,3.03,0.04,0.01,0.01,1.354,0.03,3.52,2.6,0.6,1.39,0.179,2.88,0.63,3.52,1.452,-27.889,-13.132,-13.757,6.088,5093.0,40.0,3320196400563017856
HD 39828,88.91266366,13.00188362,7.698,0.013,0.095,0.004,7.85,1.29,29.3,-4.69,28.802,195,4931,29,3.14,0.06,0.04,0.02,1.146,0.03,3.41,2.4,0.4,1.529,0.206,4.796,1.242,2.723,1.03,-26.216,-18.607,10.823,5.38,4929.0,44.0,3343712755261231616
HD 40537,89.64767208,-21.5438939,7.314,0.011,0.078,0.005,12.97,0.66,103.76,40.49,53.783,241,5006,18,3.49,0.06,-0.16,0.01,0.993,0.03,3.43,1.8,0.6,1.273,0.043,3.565,0.185,4.139,0.468,-43.685,-47.814,18.848,5.094,5010.0,41.0,2917842141990377088
HD 45210,96.72929876,17.45157707,7.721,0.014,0.137,0.066,7.63,0.81,-52.33,-2.67,53.781,269,5659,26,3.59,0.07,-0.09,0.02,1.343,0.04,4.14,6.8,0.4,1.586,0.09,3.598,0.388,2.238,0.369,-56.739,-0.759,-27.061,5.964,5608.0,43.0,3369751870665745408
HD 45410,97.6962832,58.16263358,5.862,0.011,0.03,0.012,17.92,0.47,-30.14,-338.67,39.477,259,4998,18,3.22,0.04,-0.08,0.01,1.096,0.02,3.43,1.4,0.4,1.581,0.039,4.992,0.154,2.303,0.157,-77.919,-55.967,-21.088,0.0,0.0,0.0,1004358968092652544
HD 45506,97.11688662,16.23838604,6.241,0.011,0.072,0.035,14.51,0.47,-92.18,-48.73,40.9,235,5113,18,3.31,0.06,-0.01,0.01,1.174,0.02,3.48,1.2,0.6,1.808,0.036,4.945,0.18,1.598,0.088,-40.632,-11.743,-32.316,0.0,0.0,0.0,3369286193133166336
HD 47562,99.56743229,-22.76755707,8.254,0.011,0.077,0.02,4.77,0.73,0.41,-18.91,17.309,271,5043,25,3.12,0.06,-0.3,0.01,1.166,0.03,3.45,2.6,0.4,1.627,0.228,6.454,1.585,1.893,0.723,4.303,-22.64,-11.038,6.03,5005.0,46.0,2926288560256679808
HD 48122,100.56665962,12.00793095,8.003,0.018,0.188,0.107,6.25,0.74,50.1,11.37,2.698,272,5100,21,3.2,0.04,-0.49,0.01,1.13,0.03,3.48,1.2,0.6,1.295,0.091,4.958,0.532,3.24,0.691,3.067,-9.084,37.864,5.89,5232.0,44.0,3352003313453043328
HD 50275,103.35922801,21.7182235,8.291,0.015,0.15,0.043,6.21,1.01,-19.14,-32.53,84.308,190,4951,29,3.21,0.11,0.1,0.03,1.128,0.03,3.42,1.6,0.6,1.588,0.161,4.577,0.857,2.49,0.735,-80.92,-36.272,-8.617,5.978,4980.0,40.0,3378429800546593408
HD 51272,104.59510314,37.98798053,7.794,0.014,0.083,0.034,5.73,0.77,-42.72,-27.01,13.4,213,4872,33,2.99,0.06,0.03,0.02,1.105,0.03,4.0,1.2,0.6,1.923,0.145,8.249,1.002,1.47,0.307,-25.341,-7.551,-35.054,5.482,4906.0,36.0,941162613140755200
HD 64413,118.46576774,0.33145681,8.247,0.019,0.061,0.01,4.35,1.27,8.45,-20.02,15.856,243,4928,20,2.51,0.05,-0.41,0.01,1.505,0.02,4.0,3.2,0.4,1.178,0.172,8.114,2.638,4.879,2.357,2.936,-28.289,1.814,5.917,4879.0,33.0,3087253042471924864
HD 64730,118.93927791,13.33187742,7.981,0.016,0.011,0.0,5.79,0.96,-14.74,-48.21,15.976,236,5173,29,3.48,0.07,-0.07,0.02,0.799,0.05,3.51,2.8,0.6,1.764,0.16,4.705,0.783,1.664,0.441,-7.065,-38.805,-20.078,5.97,5168.0,40.0,3152158382088366720
HD 72003,128.2722042,55.35475652,7.67,0.012,0.066,0.066,7.2,1.25,-23.57,-61.87,-6.95,221,4868,29,3.02,0.07,-0.03,0.02,1.121,0.03,3.39,2.2,0.4,1.387,0.171,5.163,1.036,3.562,1.324,-14.359,-39.196,-14.351,5.313,4868.0,37.0,1033723659493876480
HD 72440,128.75450407,50.47200396,8.293,0.014,0.066,0.066,6.49,1.1,-7.72,-9.95,-33.261,268,5652,25,3.75,0.07,-0.05,0.01,1.28,0.03,4.12,4.4,0.6,1.391,0.139,2.733,0.522,3.202,1.541,21.392,-11.803,-24.371,6.585,5587.0,42.0,1027292203666419328
HD 72490,128.40271687,13.55078801,7.836,0.014,0.0,0.0,7.63,0.92,25.04,-16.18,31.512,254,5018,25,3.23,0.06,-0.2,0.01,1.139,0.03,3.44,2.4,0.4,1.339,0.086,4.174,0.483,3.466,0.672,-11.191,-25.136,24.063,5.614,4940.0,39.0,603329694046441472
HD 74390,131.33920039,42.40384013,8.199,0.014,0.066,0.066,6.08,0.86,18.02,-65.79,-58.086,203,4890,32,3.15,0.06,0.08,0.02,1.14,0.04,3.4,1.8,0.6,1.518,0.18,5.024,1.031,2.841,0.967,51.105,-53.156,-27.664,5.892,4916.0,37.0,913383176986728832
HD 76445,134.19162325,17.48135033,7.647,0.013,0.0,0.0,11.22,0.7,32.18,-20.33,-16.402,233,4858,25,3.23,0.07,-0.16,0.01,1.008,0.03,3.39,1.8,0.6,1.016,0.04,3.776,0.239,9.554,1.336,22.843,-1.735,-1.693,5.284,4808.0,40.0,611642860944510848
HD 77172,135.71582235,52.28582611,8.086,0.014,0.066,0.066,7.59,1.01,-75.85,-138.08,-15.808,211,4887,25,3.25,0.07,-0.03,0.01,1.053,0.03,3.4,1.4,0.8,1.294,0.094,4.272,0.496,4.404,1.083,-33.269,-86.388,-36.903,5.726,4866.0,38.0,1017409449558968320
HD 77818,136.85891294,58.87505348,7.635,0.012,0.0,0.0,7.98,0.7,17.63,-90.52,-44.051,212,4821,29,3.09,0.06,-0.11,0.02,1.097,0.03,3.38,1.0,0.6,1.21,0.091,5.33,0.46,5.288,1.396,25.8,-64.533,-10.565,5.202,4747.0,36.0,1037703444910272512
HD 80811,140.55399843,12.54910041,8.357,0.016,0.006,0.005,8.47,1.15,-124.85,-195.01,30.014,204,4997,11,3.53,0.04,-0.44,0.01,0.924,0.03,3.43,1.4,0.8,0.947,0.039,3.634,0.308,9.948,1.432,-28.348,-111.984,-65.966,6.159,4967.0,39.0,593946560597938816
HD 82074,142.38506562,-4.24663549,6.265,0.011,0.031,0.022,17.97,0.5,-31.03,-52.33,-12.8,253,5175,11,3.46,0.07,-0.34,0.01,1.116,0.02,3.52,0.8,0.8,1.386,0.019,3.763,0.116,2.8,0.088,7.015,-0.852,-19.274,0.0,0.0,0.0,3825147631014537472
HD 82886,143.93826142,34.78074254,7.633,0.012,0.125,0.124,7.97,0.74,14.33,-34.78,12.554,229,5099,15,3.27,0.06,-0.27,0.01,1.157,0.02,3.47,0.0,1.2,1.507,0.082,4.735,0.46,2.326,0.363,0.661,-21.379,14.167,5.452,5094.0,39.0,797597524475897600
HD 83024,143.91858782,2.63742541,7.911,0.014,0.031,0.022,8.21,0.61,-84.14,10.63,4.556,186,4794,36,2.98,0.06,0.09,0.02,1.19,0.04,4.0,1.6,0.6,1.272,0.084,4.722,0.362,4.956,1.12,-40.939,-1.415,-27.216,5.49,4767.0,35.0,3847606221163675520
HD 83394,144.99621282,53.49696317,7.448,0.011,0.001,0.0,9.35,0.66,-9.53,-131.53,40.345,250,4992,14,3.2,0.04,-0.26,0.01,1.091,0.03,3.43,1.0,0.6,1.277,0.056,4.46,0.296,3.863,0.557,-35.5,-57.009,39.847,5.217,4932.0,39.0,1020486810806074752
HD 83752,145.13246924,-1.73009336,7.554,0.012,0.031,0.022,8.64,0.53,-45.53,-27.39,31.2,165,6089,63,3.93,0.13,0.18,0.02,1.396,0.05,6.09,4.2,1.0,1.664,0.054,2.854,0.188,2.043,0.598,-24.924,-34.259,-5.332,6.154,5960.0,57.0,3827418947159301632
HD 85440,148.11955363,27.77405677,7.821,0.012,0.067,0.009,8.86,0.84,1.36,-14.8,-4.184,256,5192,18,3.51,0.04,-0.04,0.01,1.071,0.02,3.53,2.0,0.6,1.563,0.076,3.629,0.354,2.437,0.348,4.899,-6.597,-3.636,5.763,5169.0,43.0,647289921270513536
HD 85472,148.49148324,57.68370349,7.459,0.011,0.001,0.0,13.72,0.7,36.85,-93.52,-9.954,267,5351,11,3.76,0.03,-0.01,0.01,1.059,0.02,3.65,1.2,0.6,1.329,0.043,2.516,0.131,3.883,0.401,13.267,-32.02,10.199,5.547,5267.0,71.0,1046355398829622400
HD 87230,150.8022643,-20.9308625,7.794,0.014,0.145,0.009,8.14,0.64,-61.0,-24.39,42.625,232,5026,32,3.17,0.09,0.09,0.02,1.22,0.03,3.44,3.4,0.6,1.7,0.08,4.59,0.371,2.023,0.282,-27.388,-49.038,-11.217,5.568,5062.0,39.0,5667571056333848832
HD 87669,151.65651379,6.90554668,8.195,0.014,0.019,0.002,6.43,0.9,92.55,-72.35,8.257,198,4806,31,2.99,0.09,-0.07,0.02,1.125,0.03,4.0,1.0,0.8,1.185,0.11,5.065,0.639,5.855,1.923,74.016,-37.545,26.092,5.704,4700.0,31.0,3873646504799825024
HD 88134,152.53131437,16.51662479,8.316,0.015,0.112,0.016,6.63,0.78,23.9,-45.13,21.617,212,4909,33,3.1,0.09,0.03,0.03,1.115,0.04,3.4,1.2,0.4,1.394,0.101,4.394,0.514,3.549,0.78,15.08,-34.911,18.824,5.927,4876.0,40.0,622346641001353728
HD 88654,153.31844818,-8.44555205,7.688,0.012,0.112,0.011,10.63,0.76,22.99,-30.3,-6.933,226,5275,28,3.61,0.06,0.11,0.02,1.18,0.03,3.59,1.4,0.8,1.526,0.06,3.2,0.233,2.818,0.321,17.263,-1.753,-5.89,5.698,5284.0,44.0,3768948774220203648
HD 89391,154.60461607,-26.50034192,7.946,0.013,0.156,0.056,9.31,0.81,37.99,-41.36,29.603,226,4943,25,3.3,0.06,-0.18,0.01,1.075,0.03,3.41,2.0,0.4,1.185,0.072,3.974,0.34,5.326,1.158,25.672,-31.163,7.99,5.608,4960.0,40.0,5471983605794172800
HD 90043,155.868208,-0.902247,6.448,0.011,0.031,0.022,12.91,0.38,66.21,-34.92,7.088,207,5005,22,3.26,0.04,-0.02,0.01,1.081,0.03,3.43,1.4,0.4,1.708,0.042,5.267,0.184,1.891,0.137,24.068,-9.059,12.016,0.0,0.0,0.0,3830897080395058048
HD 90792,157.19297727,-14.4656508,8.179,0.014,0.156,0.016,5.54,0.78,-33.28,-7.73,32.556,220,4909,29,2.51,0.08,-0.06,0.03,1.595,0.03,4.0,2.8,0.4,1.6,0.238,6.183,1.431,2.293,0.941,-25.103,-35.838,0.193,5.698,4812.0,33.0,3752252071677239552
HD 93396,161.70725271,-9.39902416,8.045,0.014,0.119,0.012,9.76,0.85,-78.3,-77.61,34.959,226,5402,18,3.83,0.06,0.3,0.01,1.122,0.03,3.71,1.6,0.8,1.431,0.074,2.687,0.253,3.476,1.735,-17.729,-59.457,-15.49,6.122,5359.0,41.0,3761497761876022400
HD 93461,161.83994926,-1.72491378,8.271,0.015,0.019,0.002,7.62,0.96,5.95,-18.66,13.093,245,5113,18,3.48,0.04,-0.04,0.01,1.055,0.03,3.48,2.0,0.4,1.443,0.106,3.251,0.48,3.037,0.617,6.137,-15.714,5.942,6.108,5016.0,39.0,3802646984545499520
HD 93864,162.49379759,-7.48241297,8.01,0.013,0.123,0.012,9.2,0.75,-155.71,-38.17,15.935,236,5029,15,3.41,0.04,-0.21,0.01,1.023,0.02,3.44,0.0,0.8,1.266,0.055,3.602,0.268,4.065,0.582,-60.503,-46.238,-35.769,5.791,5051.0,40.0,3764038595808844032
HD 94834,164.31297046,24.14278282,7.616,0.013,0.048,0.046,10.88,0.64,-73.37,36.9,2.813,195,4856,33,3.2,0.13,0.08,0.02,1.012,0.03,3.39,0.6,0.8,1.282,0.068,3.997,0.25,4.743,0.869,-34.276,4.788,-9.516,5.2,4802.0,37.0,3995918691799173248
HD 95089,164.69890121,1.72921549,7.953,0.014,0.019,0.002,7.19,0.83,-35.31,-47.27,8.081,231,4950,29,3.22,0.06,0.06,0.02,1.11,0.03,3.42,2.0,0.6,1.552,0.111,4.591,0.557,2.62,0.542,-6.597,-35.397,-16.796,5.626,4859.0,38.0,3808410933735817472
HD 95526,165.53574128,43.7211111,8.328,0.015,0.082,0.059,6.73,0.97,-122.11,-102.4,22.059,214,4911,25,3.19,0.06,-0.13,0.01,1.033,0.03,3.4,1.0,0.6,1.228,0.095,4.283,0.537,4.907,1.314,-66.936,-92.772,0.067,6.008,4915.0,41.0,781956043856736512
HD 96063,166.18522764,-2.51321852,8.261,0.018,0.019,0.002,6.33,0.82,27.69,-17.6,-1.373,246,5120,15,3.42,0.06,-0.19,0.01,1.078,0.02,3.49,0.0,1.0,1.489,0.107,4.009,0.575,2.544,0.524,24.505,-2.138,0.758,6.05,4967.0,47.0,3791263156547622784
HD 96683,166.99633928,-23.8584667,8.211,0.012,0.152,0.015,6.11,0.86,-32.03,-1.92,17.922,199,5107,29,3.35,0.18,0.17,0.03,1.189,0.03,3.48,1.2,0.6,1.816,0.139,4.547,0.639,1.714,0.393,-19.548,-23.622,-0.931,5.865,4949.0,38.0,3536409383570998144
HD 97601,168.63913911,52.94690305,7.454,0.011,0.001,0.0,8.9,0.75,32.88,-29.95,-62.0,231,5112,25,3.2,0.09,-0.08,0.02,1.178,0.03,3.48,2.4,0.4,1.632,0.078,4.375,0.369,2.08,0.29,46.69,-24.12,-40.54,5.363,5074.0,38.0,842375204236601216
HD 98219,169.44813718,-23.97541613,8.04,0.012,0.139,0.014,7.45,0.67,-131.02,-16.91,-10.458,220,4970,25,3.32,0.11,0.03,0.02,1.011,0.03,3.42,0.4,0.8,1.558,0.083,4.549,0.416,2.559,0.394,-68.247,-25.184,-43.401,5.813,5057.0,41.0,3534621989981179520
HD 99706,172.12589042,43.9665806,7.644,0.013,0.082,0.059,7.76,0.68,45.57,-86.89,-30.256,210,4912,26,3.1,0.06,0.05,0.02,1.128,0.03,3.4,1.8,0.6,1.594,0.097,5.293,0.48,2.413,0.434,51.958,-42.142,-5.681,5.335,4927.0,37.0,784227772318969472
HD 100337,173.26720547,39.32167273,7.937,0.013,0.082,0.059,6.4,0.76,38.42,-1.58,-30.48,217,4998,25,3.17,0.06,-0.14,0.01,1.103,0.03,3.43,2.2,0.4,1.556,0.151,5.29,0.898,2.335,0.644,35.745,8.217,-19.876,5.656,4953.0,46.0,767203002993399424
HD 102329,176.6943549,3.47429342,7.893,0.015,0.065,0.023,6.33,0.83,-45.38,-18.46,14.58,197,4760,38,2.77,0.14,0.12,0.03,1.19,0.03,4.0,1.2,0.6,1.412,0.163,5.996,0.93,3.639,1.268,-23.425,-31.759,-1.154,5.402,4731.0,30.0,3895948101012579456
HD 102444,176.88109122,-5.26361962,7.96,0.012,0.019,0.002,9.19,0.9,-26.41,-38.7,23.056,243,5304,15,3.69,0.03,-0.05,0.01,1.109,0.02,3.61,1.6,0.6,1.431,0.086,2.924,0.345,3.076,0.491,-1.127,-33.049,4.71,5.999,5230.0,46.0,3598898374589122432
HD 102956,177.84380061,57.64073508,7.858,0.011,0.001,0.0,7.92,0.83,-10.82,-17.14,-26.025,205,5025,29,3.38,0.16,0.16,0.02,1.073,0.04,3.44,1.6,0.6,1.67,0.097,4.213,0.442,2.201,0.386,7.511,-20.594,-18.546,5.663,4968.0,38.0,845335158256083584
HD 103616,178.96409204,-21.65943614,7.681,0.013,0.201,0.01,9.72,0.77,-34.55,-133.19,8.0,226,5166,25,3.76,0.1,-0.06,0.02,0.906,0.04,3.51,1.8,0.6,1.583,0.069,3.855,0.306,2.309,0.29,15.26,-46.341,-46.765,5.593,5266.0,42.0,3494125048288527104
HD 104017,179.6882914,37.87721968,7.843,0.012,0.08,0.057,9.16,0.87,-4.92,26.1,-4.577,156,4784,40,3.03,0.07,0.15,0.03,1.115,0.04,3.37,1.4,0.8,1.257,0.091,4.441,0.423,5.324,1.332,-6.62,10.651,-7.253,5.375,4782.0,36.0,4033474469950968192
HD 106270,183.40535538,-9.51338029,7.586,0.012,0.019,0.002,11.78,0.79,-99.69,-41.86,24.331,244,5567,11,3.76,0.03,0.06,0.01,1.186,0.02,3.95,2.6,0.4,1.351,0.074,2.475,0.194,3.475,2.491,-22.601,-44.307,3.348,5.862,5508.0,46.0,3581292685166588672
HD 106279,183.39435584,30.56245543,8.366,0.014,0.054,0.027,4.68,0.84,1.42,-17.58,-45.801,228,4908,22,2.52,0.03,-0.34,0.01,1.439,0.02,4.0,2.0,0.4,1.189,0.137,5.915,1.115,4.802,1.868,16.7,-13.983,-44.073,6.095,4927.0,33.0,4013690029519735808
HD 107990,186.13579644,4.33117025,7.955,0.013,0.099,0.039,3.54,0.85,30.37,-22.81,-6.554,230,4880,29,2.63,0.09,-0.07,0.02,1.382,0.03,4.0,1.8,0.6,1.896,0.225,10.097,1.367,1.508,0.465,49.43,-1.11,-13.614,5.591,4872.0,31.0,3701882653734894080
HD 108189,186.419096,-0.282175,7.729,0.013,0.099,0.039,6.46,0.66,-81.65,26.97,-3.686,247,5388,15,3.52,0.04,-0.06,0.01,1.216,0.03,3.69,6.4,0.4,1.847,0.1,4.724,0.488,1.457,0.23,-61.768,-13.415,-0.122,5.814,5364.0,45.0,3696625751204285568
HD 108863,187.5829607,21.94824495,7.746,0.013,0.059,0.021,7.18,0.78,-73.83,-33.29,-27.984,202,4871,26,3.02,0.04,0.07,0.02,1.151,0.03,3.39,1.6,0.6,1.545,0.134,5.417,0.732,2.679,0.673,-29.936,-40.065,-33.777,5.392,4866.0,40.0,3952692457305436800
HD 109159,188.17178904,-17.22067971,7.975,0.013,0.174,0.009,9.86,0.66,-110.26,13.97,9.348,242,5219,15,3.64,0.04,-0.13,0.01,1.033,0.02,3.54,0.0,1.0,1.421,0.05,3.189,0.242,2.997,0.271,-45.234,-28.989,7.492,5.963,5329.0,43.0,3517300180717085568
HD 109218,188.28502907,1.04399524,8.109,0.016,0.037,0.014,10.52,0.67,-98.57,-52.35,18.423,239,5320,14,3.73,0.04,-0.1,0.01,1.078,0.02,3.62,0.0,1.0,1.279,0.056,2.474,0.142,4.072,0.593,-23.394,-48.09,2.968,6.155,5257.0,44.0,3697030096605291392
HD 109929,189.60618423,14.87241216,7.654,0.013,0.013,0.005,12.84,0.56,-38.91,-7.44,-10.706,275,6128,36,4.16,0.04,0.36,0.02,1.518,0.04,5.59,7.2,0.6,1.411,0.026,1.789,0.085,2.457,0.597,-11.553,-7.539,-11.757,6.32,6014.0,48.0,3932653308132999680
HD 112115,193.48092215,24.63589363,8.143,0.014,0.094,0.009,3.08,0.8,-37.87,-14.53,3.973,142,4708,58,2.55,0.13,0.09,0.03,1.266,0.05,4.0,1.4,0.8,1.586,0.304,10.807,1.283,2.698,1.513,-36.403,-50.748,3.559,5.566,4681.0,30.0,3957737119733383936
HD 112973,195.0311843,34.91935057,7.626,0.012,0.024,0.003,8.44,0.74,-77.0,1.51,-34.986,219,4941,18,3.18,0.03,-0.31,0.01,1.085,0.02,3.41,0.8,0.8,1.145,0.076,4.783,0.42,5.507,1.287,-34.668,-28.006,-33.301,5.35,4907.0,39.0,1516114801129032576
HD 112988,195.04286438,34.99841754,7.772,0.012,0.032,0.004,7.8,0.75,-78.7,1.88,-32.842,228,4906,11,3.16,0.03,-0.32,0.01,1.05,0.02,3.4,0.0,1.0,1.079,0.073,4.946,0.47,6.792,1.638,-38.711,-30.084,-31.05,5.436,4856.0,40.0,1516116244238077184
HD 114161,197.24014828,-13.44118482,8.047,0.015,0.174,0.009,5.49,0.82,-37.2,-5.96,-7.18,192,4856,38,2.95,0.1,0.09,0.02,1.183,0.03,4.0,0.4,1.0,1.948,0.166,8.342,1.12,1.457,0.349,-27.205,-18.061,-6.596,5.631,4882.0,34.0,3621107066360111104
HD 114659,197.95297265,12.73043994,8.306,0.016,0.094,0.009,4.84,0.95,-5.2,-7.89,-1.322,179,4850,36,3.07,0.09,0.06,0.03,1.144,0.03,3.39,1.0,0.6,1.821,0.289,7.738,1.981,1.749,0.768,-0.225,-8.917,-2.801,5.922,4866.0,41.0,3736818845433590272
HD 116029,200.16476095,24.64869668,7.878,0.011,0.081,0.081,8.12,0.65,-13.3,-52.49,-6.923,172,4874,36,3.17,0.09,0.12,0.02,1.105,0.04,3.39,1.0,0.6,1.445,0.094,4.655,0.395,3.345,0.633,10.941,-29.54,-7.41,5.534,4894.0,36.0,1446584503287858560
HD 117623,202.47027856,64.18050702,7.046,0.011,0.001,0.0,4.95,0.53,-42.67,-6.0,-6.631,240,4946,29,2.92,0.09,-0.07,0.02,0.74,0.04,4.0,2.6,0.4,2.16,0.198,10.068,1.059,1.079,0.301,-27.148,-31.497,4.213,5.037,5138.0,31.0,1665683841757374848
HD 117762,203.073051,6.35363375,7.92,0.013,0.079,0.008,6.81,0.69,-40.76,80.45,-26.104,256,5187,15,3.46,0.07,-0.33,0.01,1.064,0.02,3.52,0.0,1.4,1.542,0.088,4.522,0.467,2.099,0.342,-60.346,31.319,0.387,5.805,5121.0,41.0,3717992732464790784
HD 118082,203.67496352,-9.10676347,8.038,0.014,0.174,0.009,6.94,0.72,8.91,-6.93,-26.805,207,4850,29,3.07,0.06,0.07,0.02,1.111,0.03,3.39,2.6,0.4,1.443,0.109,5.145,0.57,3.277,0.732,-5.97,10.819,-25.005,5.677,4954.0,43.0,3618013006279764352
HD 118744,204.68050952,9.98081992,7.859,0.013,0.034,0.005,5.52,0.72,7.03,1.11,-0.025,203,4819,33,2.84,0.19,-0.06,0.03,1.219,0.03,4.0,0.0,0.8,1.448,0.163,6.785,1.275,3.058,1.011,4.122,4.434,-0.84,5.43,4764.0,31.0,3725876265195552384
HD 120531,207.37374736,30.72079905,7.967,0.012,0.1,0.073,7.81,0.64,-19.33,15.17,24.663,247,4963,25,3.1,0.06,-0.22,0.01,1.164,0.03,3.42,2.6,0.4,1.257,0.071,4.469,0.353,4.219,0.8,-11.301,4.159,26.186,5.701,4983.0,37.0,1455695086700199552
HD 122253,209.92300367,42.04980641,7.801,0.012,0.087,0.087,9.88,0.56,5.55,28.67,-9.99,241,5078,15,3.43,0.08,-0.03,0.01,1.01,0.02,3.46,0.6,0.8,1.494,0.038,3.582,0.227,2.806,0.188,-7.799,7.747,-13.239,5.626,5064.0,39.0,1498814260545232384
HD 123239,211.68781193,-14.09526636,8.407,0.017,0.339,0.034,5.15,0.83,8.23,25.08,41.99,227,4850,22,2.95,0.06,-0.16,0.01,1.161,0.03,4.0,0.0,0.8,1.319,0.141,6.071,1.11,3.865,1.315,22.955,5.263,42.413,5.856,4894.0,31.0,6301513005226843520
HD 124641,213.44852868,41.1875919,8.049,0.012,0.1,0.1,5.92,0.76,-8.13,4.63,11.842,201,4731,29,2.67,0.1,-0.14,0.02,1.202,0.03,4.0,0.0,0.8,1.143,0.11,6.592,0.822,6.433,2.182,-6.259,2.639,12.256,5.49,4703.0,28.0,1486147233756849792
HD 125217,214.60943928,-19.56242033,8.314,0.015,0.312,0.031,6.13,0.93,-18.93,-18.78,-6.304,193,4887,36,3.17,0.09,0.15,0.02,1.107,0.04,3.4,2.8,0.4,1.702,0.231,5.848,1.546,2.116,0.817,-10.315,-16.45,-9.38,5.886,5006.0,39.0,6283982872870158336
HD 125390,214.5388303,38.96697805,8.213,0.012,0.1,0.1,5.15,0.82,-13.22,-16.17,-76.758,225,4882,29,3.04,0.04,-0.11,0.02,1.129,0.03,3.4,2.2,0.4,1.41,0.174,5.832,1.241,3.224,1.178,-6.616,-44.78,-64.903,5.875,4913.0,38.0,1484890423248544256
HD 125607,214.86337106,37.60996555,8.1,0.012,0.1,0.1,7.52,0.87,-47.62,-33.7,-39.0,222,5027,32,3.33,0.08,0.01,0.02,1.056,0.03,3.44,0.4,0.8,1.535,0.094,4.044,0.482,2.639,0.468,-10.673,-47.075,-23.312,5.899,5048.0,38.0,1484569984328261632
HD 126991,217.0668824,24.51754394,7.938,0.013,0.1,0.073,9.91,0.71,-231.51,121.48,-94.578,239,5175,14,3.4,0.07,-0.59,0.01,1.118,0.03,3.52,0.0,1.2,1.038,0.049,3.265,0.238,6.402,1.062,-142.931,-48.216,-42.798,5.838,5159.0,45.0,1255176468242823552
HD 127374,217.82732826,-11.87017594,8.397,0.015,0.297,0.03,6.69,0.92,-30.91,-14.22,-35.966,226,4908,29,2.59,0.09,-0.22,0.02,1.392,0.03,4.0,1.0,0.8,1.175,0.105,4.722,0.596,5.389,1.684,-34.761,-11.794,-22.964,5.808,4827.0,36.0,6324607800291784704
HD 128095,218.57238375,28.48599918,8.139,0.012,0.1,0.073,8.37,0.83,49.09,-107.7,28.952,215,4987,25,3.38,0.06,-0.06,0.01,1.028,0.03,3.43,0.0,1.2,1.347,0.066,3.639,0.344,3.653,0.543,69.335,-17.441,14.847,5.869,4979.0,37.0,1281025127618664832
HD 128720,219.52401938,12.80361485,8.317,0.019,0.087,0.087,7.56,1.28,17.22,-70.33,16.832,199,5048,29,3.5,0.04,0.14,0.02,1.06,0.04,3.45,1.8,0.6,1.483,0.15,3.308,0.647,3.096,0.918,41.564,-24.804,-1.394,6.107,5027.0,41.0,1179488699126909056
HD 131496,223.34595295,18.23540451,7.806,0.012,0.073,0.073,9.09,0.78,44.46,-35.08,1.146,196,4834,33,3.06,0.09,0.11,0.02,1.121,0.03,3.38,1.6,0.6,1.317,0.077,4.367,0.372,4.428,0.842,26.444,2.285,-13.003,5.437,4864.0,37.0,1236429004715336576
HD 136418,229.77575899,41.73320606,7.886,0.012,0.129,0.004,10.18,0.58,-19.66,-181.92,-34.407,208,4973,22,3.38,0.08,-0.08,0.01,1.024,0.03,3.42,0.8,0.8,1.307,0.048,3.627,0.208,3.983,0.49,58.46,-69.784,-12.521,0.0,0.0,0.0,1392396172224832896
HD 136513,230.21645277,7.682714,8.252,0.014,0.053,0.002,5.88,0.85,-47.81,-13.38,-59.606,222,4887,25,2.94,0.1,-0.24,0.01,1.191,0.03,4.0,0.0,0.6,1.172,0.111,5.161,0.67,5.378,1.772,-51.594,-41.024,-28.461,5.848,4803.0,30.0,1163695687767834112
HD 140025,234.93843043,44.31118878,8.231,0.013,0.132,0.004,8.61,0.57,1.56,-60.42,30.158,223,5564,15,3.87,0.08,0.18,0.01,1.13,0.02,3.94,0.0,1.0,1.426,0.076,2.666,0.189,3.273,2.521,35.171,2.12,27.845,6.453,5557.0,45.0,1397340057539692288
HD 141712,237.05581068,50.95455308,8.378,0.014,0.132,0.004,5.61,0.66,-16.45,-24.21,-23.235,228,5178,22,3.51,0.03,0.1,0.01,1.155,0.03,3.52,1.6,0.8,1.812,0.116,4.487,0.532,1.679,0.317,9.959,-32.101,-4.682,6.312,5219.0,40.0,1404129954158390272
HD 142091,237.80804694,35.65737975,4.803,0.01,0.034,0.001,32.79,0.21,-8.55,-348.44,-25.107,194,4863,29,3.11,0.07,0.13,0.02,1.099,0.03,3.39,1.8,0.6,1.487,0.052,4.86,0.117,3.104,0.302,33.256,-41.301,-18.913,0.0,0.0,0.0,1372702716380418688
HD 142245,238.23450511,15.43070731,7.458,0.013,0.053,0.002,9.13,0.62,-55.58,-20.82,6.708,168,4838,36,3.27,0.09,0.2,0.02,1.055,0.04,3.38,1.4,0.8,1.546,0.092,5.151,0.373,2.855,0.514,-0.537,-24.229,20.182,5.11,4867.0,44.0,1193193836691820032
HD 144363,241.43641272,-7.08485533,8.248,0.013,0.286,0.22,7.07,0.99,2.35,21.79,6.5,221,4975,25,3.26,0.06,-0.11,0.01,1.028,0.03,3.42,0.0,1.2,1.37,0.106,4.221,0.599,3.45,0.794,0.502,12.525,10.053,5.842,5006.0,39.0,4349558155699059968
HD 145428,242.96355647,-25.88357239,7.754,0.012,0.568,0.21,7.62,0.81,-128.94,-58.98,-1.1,235,4836,32,3.05,0.07,-0.25,0.02,1.071,0.03,3.38,1.0,0.6,1.247,0.11,6.636,0.691,4.324,1.276,-25.843,-78.742,30.229,5.203,5111.0,43.0,6043470682894375808
HD 146278,243.46435843,40.34880889,7.987,0.013,0.132,0.004,6.06,0.57,-25.59,-99.56,11.352,199,4785,29,2.82,0.13,-0.08,0.02,1.182,0.03,4.0,0.0,0.8,1.308,0.098,6.332,0.568,4.131,1.017,65.944,-41.205,23.422,5.54,4824.0,29.0,1380731002392947712
HD 150331,250.43939338,-33.14576125,5.846,0.011,0.276,0.105,11.51,0.42,-58.47,-57.57,-6.637,284,5726,35,2.6,0.09,-0.18,0.02,2.156,0.05,4.0,6.0,0.6,2.052,0.043,6.11,0.238,1.007,0.055,-13.531,-31.617,1.857,0.0,0.0,0.0,6021291677964221696
HD 152581,253.43159405,11.97374506,8.354,0.013,0.069,0.069,5.39,0.96,11.49,-15.79,3.739,246,5156,18,3.36,0.06,-0.28,0.01,1.146,0.02,3.5,0.0,1.2,1.481,0.159,4.137,0.858,2.423,0.739,13.759,-1.634,-10.815,6.173,5042.0,38.0,4448227641977175296
HD 152733,253.23839725,44.40240031,8.105,0.014,0.102,0.028,6.92,0.49,-9.53,69.38,-27.517,191,4842,26,3.04,0.06,0.04,0.02,1.108,0.03,3.39,1.6,0.6,1.383,0.072,5.051,0.366,3.66,0.586,-53.506,-7.941,-11.521,5.754,4904.0,38.0,1359070215305084416
HD 155413,257.99431423,-14.620379,7.267,0.012,0.225,0.092,12.3,0.69,-16.13,-39.92,-23.274,281,5824,25,3.81,0.07,0.24,0.01,1.412,0.03,4.63,4.0,0.4,1.548,0.05,2.616,0.119,2.709,1.281,-19.294,-19.086,-8.971,5.627,5849.0,49.0,4139543497698320384
HD 158038,261.4392882,27.30334069,7.471,0.011,0.115,0.006,9.65,0.74,48.35,-59.04,19.632,139,4871,50,3.26,0.18,0.2,0.03,1.166,0.05,3.39,0.8,0.8,1.533,0.114,4.89,0.404,2.918,0.655,36.72,11.917,-17.33,5.156,4948.0,42.0,4574156834713113600
HD 158449,262.28977625,6.14846658,8.035,0.013,0.527,0.153,6.31,0.81,-19.52,23.16,-26.926,215,5060,11,3.27,0.06,-0.21,0.01,1.144,0.02,3.46,0.0,1.2,1.946,0.122,7.965,0.962,1.237,0.215,-32.891,-8.012,9.839,5.762,5387.0,41.0,4390696761208182400
HD 160215,264.13206977,44.72336309,8.16,0.013,0.101,0.028,9.08,0.6,-55.37,56.25,-59.23,201,4912,25,3.34,0.08,-0.01,0.01,0.994,0.03,3.4,1.0,0.6,1.269,0.06,3.681,0.248,4.751,0.797,-45.805,-55.667,-3.056,5.804,4898.0,37.0,1350307554308849024
HD 163528,268.50302932,49.79514098,8.353,0.015,0.102,0.004,5.34,0.57,-0.19,30.06,-65.155,203,4995,29,3.18,0.04,0.01,0.02,1.105,0.03,3.43,1.2,0.6,1.713,0.115,5.262,0.601,1.906,0.381,-38.861,-51.348,-28.469,6.143,5041.0,41.0,1364450641096815488
HD 166494,271.87260166,56.80190136,7.686,0.012,0.028,0.009,8.72,0.45,22.36,64.09,-30.304,220,5705,20,3.74,0.08,0.21,0.02,1.377,0.03,4.25,5.8,0.6,1.549,0.076,3.076,0.167,2.586,2.076,-37.829,-19.943,-21.244,5.991,5545.0,43.0,2151879534144256640
HD 167042,272.63183367,54.2865534,5.977,0.01,0.012,0.004,19.91,0.26,107.94,247.35,-18.181,235,4971,22,3.26,0.09,0.05,0.01,1.075,0.02,3.42,1.0,0.6,1.533,0.031,4.31,0.1,2.727,0.157,-62.765,-0.477,-22.798,0.0,0.0,0.0,2149564787289902848
HD 171264,278.41951987,4.59237354,8.106,0.013,0.397,0.167,8.34,0.75,19.27,-3.97,11.3,246,5272,18,3.65,0.04,-0.02,0.01,1.115,0.02,3.58,1.4,0.8,1.636,0.08,3.79,0.35,2.151,0.312,8.451,9.5,-9.543,6.026,5479.0,49.0,4283479362308652800
HD 175541,283.92035082,4.26532615,8.013,0.014,0.321,0.096,7.87,0.95,-6.82,-89.23,19.674,282,5101,18,3.47,0.07,-0.08,0.01,1.068,0.02,3.48,0.8,0.6,1.616,0.103,4.33,0.513,2.141,0.401,46.017,-27.47,-20.507,5.829,5277.0,43.0,4281180283478682496
HD 178251,287.23442012,-28.74104258,8.001,0.013,0.316,0.101,6.67,0.96,46.27,-80.26,91.769,259,4798,21,2.72,0.06,-0.63,0.01,1.279,0.03,4.0,0.0,1.4,0.923,0.047,8.313,0.594,9.774,1.714,78.696,-28.841,-75.709,5.364,4804.0,29.0,6762372994781081728
HD 180053,288.40089062,34.91454362,7.942,0.013,0.116,0.002,7.92,0.54,-9.65,29.34,-5.874,207,5107,32,3.43,0.11,0.14,0.02,1.187,0.04,3.48,2.2,0.4,1.719,0.067,4.171,0.299,1.997,0.228,-15.512,-2.246,11.428,5.84,5164.0,39.0,2050321081068398720
HD 180902,289.82378283,-23.55815627,7.786,0.014,0.252,0.081,9.13,0.86,33.18,-20.5,-4.651,218,5006,25,3.34,0.08,0.03,0.01,1.058,0.03,3.43,2.2,0.4,1.576,0.079,4.32,0.406,2.47,0.372,-9.011,-5.482,-17.902,5.543,5143.0,41.0,6770721346051487872
HD 181342,290.26762895,-23.61957022,7.557,0.013,0.254,0.081,9.04,0.61,-45.87,-30.58,-0.837,194,4934,36,3.22,0.09,0.2,0.02,1.147,0.04,3.41,2.4,0.6,1.753,0.084,5.153,0.37,1.932,0.277,9.706,-22.399,15.508,5.251,5076.0,40.0,6770761168986617600
HD 183473,291.98849995,42.77663779,7.887,0.012,0.05,0.047,9.14,0.51,71.49,155.17,-46.421,239,5634,11,3.89,0.07,-0.09,0.01,1.24,0.02,4.08,0.0,1.2,1.391,0.037,2.789,0.16,3.134,0.357,-97.38,-21.625,-7.492,0.0,0.0,0.0,2125809426261599616
HD 185269,294.29892048,28.49986264,6.679,0.011,0.088,0.033,19.89,0.56,-32.03,-81.18,0.62,233,5998,35,3.96,0.05,0.12,0.01,1.447,0.04,5.46,4.0,0.8,1.359,0.047,1.988,0.066,3.451,0.902,18.771,-8.569,-2.685,5.26,6015.0,45.0,2031479093959232128
HD 185351,294.15823711,44.69493494,5.176,0.01,0.019,0.018,24.49,0.22,-94.81,-104.25,-5.9,250,5040,26,3.28,0.11,0.09,0.02,1.112,0.03,3.45,1.6,0.6,1.781,0.02,4.867,0.108,1.746,0.045,24.171,-12.668,5.84,0.0,0.0,0.0,2078403295235690112
HD 185351,294.15823711,44.69493494,5.176,0.01,0.019,0.018,24.49,0.22,-94.81,-104.25,-5.9,243,5039,29,3.3,0.08,0.1,0.02,1.099,0.03,3.45,1.6,0.6,1.05,0.094,7.788,1.134,8.088,2.542,-0.391,-6.592,1.92,5.734,4808.0,30.0,2078403295235690112
HD 185351,294.15823711,44.69493494,5.176,0.01,0.019,0.018,24.49,0.22,-94.81,-104.25,-5.9,236,5041,29,3.23,0.13,0.09,0.03,1.118,0.03,3.45,1.8,0.6,1.482,0.128,4.331,0.741,2.896,0.72,-56.915,-47.51,7.097,5.85,5040.0,37.0,2078403295235690112
HD 187460,297.26244145,29.88285283,8.35,0.013,0.303,0.112,5.66,0.9,-3.62,-1.13,-6.1,161,4662,51,2.65,0.14,-0.24,0.03,1.271,0.05,4.0,4.2,0.6,1.334,0.078,3.036,0.327,3.328,0.559,-58.978,-9.789,-31.28,6.224,5434.0,44.0,2031906529091359744
HD 188386,298.69910343,5.70285399,8.18,0.012,0.238,0.057,6.97,1.04,14.84,3.86,-73.744,231,4965,20,3.15,0.06,-0.02,0.01,1.098,0.02,3.42,1.2,0.4,1.532,0.034,4.143,0.166,2.347,0.152,23.755,-4.032,-1.364,4.366,5113.0,43.0,4296596192423691648
HD 192153,303.4987272,-17.67615463,8.286,0.016,0.327,0.15,9.03,0.94,105.82,-9.15,-37.994,244,5206,18,3.66,0.08,-0.24,0.01,1.014,0.03,3.54,1.0,0.8,2.044,0.095,8.602,0.412,1.249,0.193,55.369,-22.408,-3.768,5.794,5521.0,41.0,6872989911843242880
HD 192699,304.02502117,4.58079271,6.454,0.011,0.04,0.009,15.24,0.57,-39.24,-52.15,13.05,259,5140,15,3.39,0.07,-0.19,0.01,1.127,0.02,3.5,1.0,0.6,1.48,0.124,3.634,0.626,3.041,0.728,-22.036,-37.155,-0.372,5.947,4957.0,43.0,4246124829130366848
HD 193342,304.25226885,56.904589,8.086,0.013,0.683,0.355,5.69,0.46,-36.19,-54.81,-24.246,213,4940,29,3.18,0.07,0.05,0.02,1.121,0.03,3.41,0.0,0.8,1.467,0.094,5.884,0.417,3.17,0.593,-12.821,-18.204,-14.594,5.132,4997.0,37.0,2187914378480856448
HD 193391,304.90545561,13.01077579,8.232,0.015,0.091,0.002,7.59,1.15,10.75,-12.86,-41.912,196,4997,26,3.02,0.04,0.09,0.02,1.23,0.03,3.43,3.4,0.4,1.69,0.107,5.65,0.644,1.849,0.335,62.177,-1.591,-24.179,5.379,5366.0,47.0,1802556203149406976
HD 194541,306.26683336,32.46851434,7.514,0.011,0.25,0.09,8.65,0.57,30.38,-6.64,-20.453,191,4803,33,3.01,0.04,0.09,0.02,1.165,0.03,3.38,1.2,0.6,1.443,0.099,3.425,0.493,2.964,0.565,-6.469,8.034,-17.341,5.887,5065.0,39.0,1862226802284390912
HD 195787,307.64394878,58.28723746,7.63,0.012,0.484,0.252,8.36,0.77,-29.14,-112.57,-10.278,235,5014,11,3.3,0.07,-0.12,0.01,1.046,0.02,3.44,0.0,0.6,1.377,0.052,3.155,0.256,3.34,0.322,-73.584,1.447,-10.59,5.672,5082.0,42.0,2188328963083011968
HD 195824,308.40476843,1.26925199,8.048,0.014,0.072,0.016,8.47,1.03,33.24,1.88,7.74,236,5104,18,3.42,0.07,-0.08,0.01,1.077,0.03,3.48,1.2,0.6,1.257,0.091,6.004,0.528,3.931,0.948,-66.192,-131.037,-44.752,5.625,5062.0,38.0,4231510803469044864
HD 196645,309.58717207,13.33140947,7.805,0.014,0.058,0.013,10.61,0.77,117.79,90.93,-33.297,251,5106,18,3.47,0.06,-0.11,0.01,1.023,0.02,3.48,0.0,1.2,2.428,0.427,12.023,3.26,0.762,0.386,14.843,7.213,-13.257,5.561,5369.0,35.0,1756077166580609408
HD 197162,310.1538386,37.39745221,8.019,0.012,0.335,0.12,6.4,0.6,85.8,-2.42,-139.688,233,4925,25,3.19,0.1,-0.34,0.01,1.141,0.03,3.41,0.8,0.8,1.952,0.149,9.393,1.02,1.398,0.283,10.011,-5.448,-10.34,5.87,5193.0,35.0,2062899081774559744
HD 198599,312.94706285,-10.31726086,7.492,0.012,0.149,0.024,2.09,0.89,0.53,-1.85,20.713,220,4937,43,2.87,0.16,-0.06,0.03,0.439,0.06,4.0,3.4,0.4,1.954,0.123,5.57,0.637,1.291,0.236,-1.84,-8.615,-5.591,5.496,5087.0,43.0,6902043304013796992
HD 200081,315.34339842,-2.51400509,7.966,0.013,0.159,0.035,3.93,0.65,0.82,-11.03,7.67,224,4933,25,2.73,0.07,-0.1,0.02,0.838,0.03,4.0,3.4,0.6,1.542,0.041,4.679,0.19,2.336,0.181,-68.683,-38.616,17.727,0.0,0.0,0.0,6916198691587462272
HD 200491,315.73292717,28.98485993,7.735,0.012,0.186,0.084,6.46,0.75,7.05,-6.96,-7.484,188,5119,15,3.03,0.04,0.01,0.01,1.281,0.03,3.48,2.6,0.4,1.281,0.093,4.146,0.49,4.72,1.173,-44.044,-24.367,2.889,5.877,4872.0,32.0,1846173863784284544
HD 200964,316.66600997,3.8031189,6.494,0.011,0.044,0.01,13.85,0.52,94.99,50.47,-71.884,212,5064,18,3.25,0.06,-0.17,0.01,1.122,0.02,3.46,1.6,0.6,1.481,0.101,3.528,0.488,2.732,0.527,21.72,0.758,-3.602,5.996,5147.0,46.0,1732018855730384256
HD 202696,319.22480389,27.2581222,8.225,0.014,0.082,0.018,7.52,0.99,45.98,36.04,-34.433,200,4857,33,2.97,0.07,0.05,0.02,1.166,0.03,4.0,1.8,0.6,1.513,0.128,3.197,0.532,2.647,0.679,59.348,5.907,-19.264,6.478,5511.0,47.0,1847742385838236416
HD 202867,319.68879093,-2.13688563,8.129,0.016,0.128,0.021,8.06,0.96,-21.57,-18.81,14.212,235,5146,21,3.56,0.04,-0.1,0.01,1.051,0.03,3.5,2.0,0.6,1.928,0.259,5.74,1.454,1.403,0.55,44.397,7.075,-36.152,6.014,5066.0,34.0,2685539700391684096
HD 203471,320.39329902,28.56467913,8.347,0.015,0.184,0.083,6.52,0.96,-39.31,-69.5,23.62,222,5507,18,3.8,0.04,-0.03,0.01,1.152,0.02,3.85,5.2,0.6,1.766,0.3,7.221,2.031,1.925,0.914,-11.93,-8.81,11.725,5.952,4896.0,42.0,1848491737368062592
HD 205163,323.41424732,-6.37384661,8.218,0.016,0.149,0.024,4.35,1.05,-7.88,-25.04,50.098,197,5033,43,2.89,0.14,0.1,0.02,1.371,0.04,4.0,4.8,0.4,1.234,0.064,3.478,0.298,4.404,0.777,-72.813,-46.314,-37.961,6.122,5091.0,48.0,2670747867383796864
HD 206610,325.85375016,-7.40825239,8.352,0.015,0.149,0.024,5.16,0.95,2.35,2.34,-18.658,158,4836,32,3.1,0.07,0.1,0.02,1.122,0.04,3.38,1.6,0.8,1.252,0.076,3.607,0.365,3.699,0.731,-8.214,-34.249,-3.62,6.15,5162.0,41.0,2667434008056899712
HD 206635,325.85558305,1.80091007,8.306,0.015,0.126,0.02,8.34,0.79,147.42,-27.12,-40.357,225,5032,18,3.64,0.04,-0.22,0.01,0.903,0.03,3.44,0.0,1.4,1.541,0.132,4.545,0.693,2.53,0.62,2.622,-22.315,18.248,5.704,4941.0,37.0,2693665915954426752
HD 207077,326.68352806,-8.0071839,8.278,0.015,0.135,0.022,7.33,0.93,18.56,-40.75,-20.37,220,5138,11,3.32,0.04,-0.4,0.01,1.111,0.02,3.49,1.8,0.8,2.885,0.127,11.634,1.092,0.438,0.053,-14.269,-13.33,-12.411,4.865,5513.0,35.0,2666589102090422656
HD 208585,329.221689,17.43978357,8.004,0.013,0.089,0.02,6.88,0.92,-15.04,-2.33,-26.979,223,5006,35,3.21,0.12,-0.04,0.02,1.093,0.03,3.43,2.0,0.4,1.759,0.11,4.997,0.563,1.681,0.308,-1.377,-6.184,13.924,5.955,5160.0,39.0,1778951234683902976
HD 210011,331.30785945,63.57841729,6.944,0.011,0.459,0.124,5.23,0.48,22.81,1.31,-10.319,235,5093,29,2.79,0.07,0.08,0.02,1.194,0.03,4.0,4.2,0.4,1.659,0.038,4.861,0.143,2.154,0.145,6.575,11.064,-11.138,0.0,0.0,0.0,2206026908408317440
HD 210521,332.84335013,-22.20867611,8.113,0.014,0.171,0.01,6.07,0.69,-7.44,-3.91,-13.818,252,5100,11,3.33,0.06,-0.07,0.01,1.117,0.03,3.48,1.8,0.6,1.752,0.104,5.036,0.527,1.676,0.287,75.184,-40.424,2.084,5.496,5206.0,41.0,6819334259799844352
HD 210702,332.96387858,16.04055286,5.937,0.01,0.046,0.033,18.2,0.39,-3.15,-18.02,16.34,231,4974,25,3.21,0.06,0.07,0.01,1.073,0.03,3.42,1.6,0.6,1.416,0.117,3.536,0.576,2.776,0.65,-83.193,-17.956,21.833,6.01,5160.0,43.0,1775004778213735168
HD 212771,336.76279598,-17.26365469,7.603,0.015,0.161,0.01,7.63,0.8,-87.59,-103.17,14.863,246,5104,15,3.44,0.11,-0.09,0.01,1.085,0.02,3.48,1.6,0.6,1.415,0.086,2.903,0.338,3.313,0.542,-35.264,-46.3,6.331,6.233,5210.0,46.0,2595360574179855104
HD 213278,337.61609827,-4.81656969,8.081,0.013,0.07,0.018,7.44,1.04,96.87,50.88,-53.476,240,5193,11,3.52,0.04,-0.26,0.01,1.05,0.02,3.53,1.2,0.8,1.075,0.051,4.401,0.18,7.045,1.22,113.456,-15.861,-43.452,0.0,0.0,0.0,2624846692897784320
HD 215049,340.71769137,-27.88689167,8.28,0.015,0.099,0.013,8.9,0.89,72.47,-60.74,-29.844,232,5174,18,3.72,0.04,0.03,0.01,1.007,0.03,3.52,0.6,0.8,1.639,0.119,5.249,0.703,1.815,0.378,-3.873,6.047,2.187,5.867,5258.0,44.0,6608953876740211840
HD 215549,341.39361744,30.44255608,6.397,0.011,0.034,0.018,16.67,0.6,-251.54,-349.76,-1.59,233,4921,25,3.26,0.1,-0.28,0.01,1.029,0.03,3.41,1.6,0.8,1.445,0.163,4.369,0.984,2.568,0.803,-0.586,-27.799,22.188,5.975,5068.0,39.0,1888064707041946880
HD 215908,341.951267,49.17859778,8.031,0.013,0.275,0.096,6.26,0.72,0.86,5.22,6.348,247,5131,18,3.35,0.07,-0.28,0.01,1.157,0.02,3.49,1.8,0.6,1.467,0.094,3.679,0.511,2.842,0.505,32.899,-37.785,-8.21,5.718,5080.0,40.0,1988497981778240512
HD 216834,344.08517871,-6.54583717,8.133,0.013,0.07,0.018,6.09,0.95,-1.13,-18.21,-32.615,239,5123,18,3.48,0.04,-0.31,0.01,1.053,0.02,3.49,1.0,0.8,1.533,0.079,4.101,0.387,2.435,0.365,-4.675,-24.406,-5.188,5.601,4950.0,37.0,2610913269233969408
HD 217496,345.28274861,-9.5539171,7.863,0.012,0.07,0.018,8.76,1.06,-24.68,-90.42,-2.206,234,5074,15,3.44,0.07,-0.08,0.01,1.073,0.02,3.46,1.6,0.6,1.599,0.097,4.149,0.462,2.517,0.461,32.854,3.168,11.559,5.538,5068.0,37.0,2606658193594148224
HD 217591,345.47622512,-5.96628891,7.875,0.014,0.07,0.018,8.04,0.75,23.11,-32.88,-9.106,194,5108,25,3.44,0.1,-0.13,0.01,1.139,0.03,3.48,1.6,0.8,1.412,0.091,4.528,0.39,3.691,0.709,1.851,-20.682,-8.998,4.907,4899.0,36.0,2634943576895459968
HD 217681,345.63288706,-11.26569736,7.76,0.012,0.147,0.009,9.21,1.03,-65.92,-16.46,-0.257,191,4977,26,3.46,0.08,0.16,0.02,1.029,0.03,3.42,2.0,0.6,1.241,0.194,8.801,2.718,4.468,2.25,9.56,-16.327,46.51,6.025,4861.0,33.0,2605432547366879872
HD 219553,349.20710502,-21.20309181,7.261,0.011,0.099,0.04,11.35,0.93,20.9,-49.3,3.458,170,4846,36,3.13,0.07,0.17,0.02,1.147,0.04,3.39,2.6,0.4,1.599,0.066,4.713,0.317,2.37,0.293,-47.219,-22.52,6.424,5.587,5022.0,41.0,2386410312150368256
HD 220122,350.30717859,-12.82986877,8.406,0.02,0.1,0.015,3.76,1.35,-14.59,-4.8,-46.327,227,4865,29,2.49,0.07,-0.29,0.02,1.471,0.03,4.0,2.4,0.4,1.371,0.072,2.451,0.174,3.79,2.561,-7.862,-8.035,-2.331,6.198,5381.0,41.0,2412257872013972224
HD 220952,351.99218978,23.58672686,7.853,0.013,0.145,0.026,7.99,0.52,80.12,27.95,-15.604,233,4976,25,3.29,0.07,0.03,0.01,1.084,0.03,3.42,0.0,1.2,1.362,0.198,4.584,1.125,4.186,1.843,-10.654,-53.172,-13.864,5.937,4801.0,41.0,2839787918910610432
HD 221504,353.21108334,-21.68768845,8.086,0.014,0.099,0.04,10.49,0.75,23.56,-8.99,-1.391,219,5397,22,3.8,0.09,0.29,0.01,1.13,0.03,3.7,2.2,0.4,1.249,0.123,5.465,0.729,5.0,1.685,12.722,-59.469,-16.077,5.737,4859.0,30.0,2388468250024656512
HD 222112,354.47039864,-5.9783644,8.4,0.017,0.1,0.015,6.07,1.18,43.82,-54.34,-12.685,143,4817,43,3.07,0.09,0.17,0.03,1.145,0.05,3.38,2.6,0.4,1.461,0.074,2.21,0.238,2.98,0.844,-39.182,-46.468,-28.563,6.657,5733.0,49.0,2440622042195255168
HD 223627,357.79449152,44.54770122,8.215,0.013,0.213,0.128,6.29,0.96,23.74,-39.09,-52.62,198,4792,29,2.94,0.11,-0.04,0.02,1.133,0.03,4.0,1.0,0.6,1.669,0.158,3.712,0.705,2.07,0.898,-57.886,-60.007,-9.621,6.669,5640.0,49.0,1925979647539056768
HD 224032,358.65154469,5.05659038,8.232,0.014,0.07,0.018,9.12,0.96,116.64,-55.58,0.0,224,5806,31,4.03,0.07,0.41,0.02,1.369,0.04,3.63,4.6,0.4,1.91,0.125,5.565,0.626,1.484,0.288,-21.59,-18.731,-7.444,5.436,4994.0,29.0,2743691667793126400
HD 224679,359.95462711,-2.11260592,8.36,0.014,0.099,0.035,4.76,0.82,79.47,-21.95,-17.394,236,5757,29,3.67,0.06,0.08,0.02,1.345,0.04,4.4,7.6,0.6,1.495,0.06,3.279,0.266,2.844,0.313,10.573,-10.854,-35.878,6.129,5326.0,40.0,2449415592596321152
HD 225021,0.66702757,51.472401,7.707,0.011,0.146,0.02,6.96,0.78,42.11,-4.88,-6.225,201,4979,29,2.95,0.08,0.19,0.02,1.308,0.03,4.0,2.8,0.4,2.158,0.238,9.148,1.74,1.087,0.345,-7.211,-4.763,-8.3,6.083,5019.0,39.0,395581679270412160
HD 236427,7.47524003,59.25486282,8.253,0.012,0.305,0.098,9.16,0.75,-1.16,-71.28,-12.479,216,5162,18,3.68,0.04,0.02,0.01,1.004,0.02,3.51,1.0,0.6,1.029,0.061,4.784,0.421,8.921,1.87,-43.135,-54.089,-10.479,5.912,4851.0,38.0,428099632583836160
HIP 43212,132.04376862,15.11066823,8.352,0.015,0.169,0.132,3.83,1.18,-8.59,-3.84,2.819,211,4937,31,2.92,0.12,0.08,0.02,1.306,0.03,4.0,2.4,0.4,,,,,,,,,,,,,609757748260176896
HIP 87123,267.00448087,32.65584898,8.359,0.014,0.15,0.007,7.09,0.62,-27.79,20.17,-66.098,193,4806,39,3.02,0.08,-0.2,0.03,1.058,0.03,3.38,0.8,0.8,,,,,,,,,,,,,4601174794643028736
