tic_id,ra,dec,plx,pmRA,pmDEC,Teff,logg,MH,rad,lum,gallong,gallat,Tmag,Vmag,GAIAmag,source_id
470913104,1.17491792700543,67.1664447258474,10.155,95.9306,23.6691,4801.88,,-0.105,11.0005,,118.409105234579,4.70602330921693,4.7887,5.68873,5.39282,528550533855154304
357331278,1.42484272142701,13.3962666690523,8.21402,42.8593,-5.57182,5140.0,,-0.03,12.3862,,106.186359812301,-47.9827810398902,4.76202,5.53872,5.30735,2768591448634694912
84155016,4.23767935560092,61.533182106882,4.7303,-6.37722,-2.61599,5877.0,,,18.2265,,118.833639626972,-1.06383752773538,4.945,5.74196,5.50525,429685128350863872
37749213,4.85697416042614,-8.82391342768594,11.88,-14.0,-38.0,,,,,,98.9795326369604,-70.1926919884015,2.5224,3.55227,3.19669,2429978803998630400
257193252,6.35086809658657,1.93969238877844,5.49124,-14.6684,-12.7432,5305.43,,-0.00411765,15.0583,,109.729425956768,-60.2629955034214,5.02603,5.76277,5.55246,2547633626278189184
202715253,7.92148730099628,52.839527113478,9.76602,-55.166,-12.5669,4622.0,,,13.8244,,119.906239607925,-9.9161424776962,4.58711,5.59541,5.2484,416384782862127872
267649786,9.338413453924,35.3995030220627,3.50228,-8.72832,-2.99828,5252.02,,-0.09,29.182,,119.699911661285,-27.383843227493,4.6582,5.43084,5.20059,365652216839649280
25695100,9.63894722270677,29.3117579428268,19.4949,-228.629,-254.29,5054.4,,-0.529236,9.09536,,119.565092725999,-33.4757616963895,3.5436,4.35336,4.1052,2858181236614036864
312141546,10.126837901138,56.5373321069905,14.27,50.36,-32.17,4565.03,,,,,121.416401910831,-6.30224764656423,2.0542,2.22713,2.98819,418551920284673408
213004473,10.1765467927245,-4.35184066000245,5.20282,-15.6829,-14.1912,4644.36,,-0.354885,22.5604,,116.048631336424,-67.0800523561088,4.93723,5.921,5.57933,2527541872345889792
424010158,10.2799346331503,39.4586635025727,9.84142,-14.0835,-3.21754,5167.0,,-0.0422273,11.0337,,120.762534181732,-23.3696177452695,4.51631,5.30072,5.06063,368641514078070016
114472728,11.5489823680832,-22.5221035126762,10.5515,194.376,-7.21276,4926.0,,,10.6346,,108.173636227198,-85.2428990093889,4.656,5.49,5.23861,2349116011607993344
293407810,12.0725402365483,7.29993048835716,5.42846,111.251,4.44075,4679.1,,-0.100098,21.0788,,121.551521853112,-55.5633800712626,4.97183,5.924,5.6094,2556745141696841984
445359736,14.1662672088589,59.1810557142505,17.2875,-92.0852,-45.0789,4880.21,,-0.342273,10.0332,,123.602771901223,-3.68388306494142,3.7637,4.6242,4.34788,425940947659705600
436552680,14.3016632401183,23.4176539620663,13.7059,-42.0468,-46.211,4970.0,,,13.3231,,124.645473180901,-39.4348995599294,3.5758,4.3947,4.13533,2803727064255015424
14007692,14.4589645610625,28.9922162069331,3.61883,9.61193,-6.3695,4862.0,,,35.7056,,124.616706577919,-33.8586011206008,4.48854,5.42827,5.10998,311018205609523584
24208171,14.6827846719872,-11.3799763192513,9.76225,-33.1594,-14.2019,4900.24,,-0.174128,11.1583,,129.493272473448,-74.1587383963929,4.77917,5.61348,5.35658,2472524234636869248
402024265,15.7358672384757,7.89013833730073,17.2961,-79.1261,24.5274,4888.0,,,11.8,,127.887453691884,-54.8708663076674,3.3965,4.25762,3.98713,2577673177300873216
269570953,15.7605732688004,-4.83659951028658,9.51293,-117.197,-102.542,4662.0,,,15.0857,,130.516650346934,-67.5372949681664,4.41225,5.40179,5.06338,2525049829240950144
408048857,17.1474641530246,-10.1822649383311,26.32,215.76,-138.92,,,,,,137.160989492393,-72.5784831445882,2.4791,3.44551,3.15633,2470140321630664064
243229867,17.863413300337,21.034653784505,8.66979,39.2383,-11.2626,4956.0,,,19.2022,,129.181458945956,-41.5940832475288,3.79854,4.65642,4.38368,2790237499690691840
16879871,18.4372757254929,24.5837013610364,8.15408,16.9013,-21.4147,4884.0,,,21.1355,,129.372805002869,-38.0088580186554,3.78759,4.65813,4.38691,294090536905167744
10838226,21.0058545680245,-8.18325649664011,28.48,-77.86,-202.49,4693.08,,,,,146.593347414671,-69.5441079282962,2.6647,3.60274,3.30343,2478112158887431296
456868701,21.6736627365558,19.2404265625014,10.6874,51.3821,-58.0413,4707.45,,0.052004,12.1177,,134.313093152535,-42.8508359312484,4.5567,5.49264,5.18972,2786205006436020096
326857914,22.5254230993796,47.0072739010028,10.3989,-0.9389,-42.9686,4959.0,,0.07,11.7962,,129.750788802236,-15.3519270835911,4.4325,5.26213,5.00757,398968209436589312
308874825,24.4981719436681,48.6282118850411,18.76,61.0,-112.0,4375.75,,0.11,,,130.814544196336,-13.5297051380029,2.5033,3.57387,3.21518,399402894487590144
369491985,25.3578908417284,5.48761869600543,9.36832,-23.025,1.85252,4166.65,,-0.23,34.9934,,145.117680822157,-55.2160301035836,3.23175,4.42909,3.97897,2562091860584132096
61521117,25.413485227992,30.0471189896184,5.65416,-7.86714,-6.28482,4981.0,,,16.0063,,135.690904310481,-31.5774564743625,5.11198,5.958,5.69793,302679818662240640
257920927,26.3484388595144,9.15775342742116,13.1012,71.1302,53.109,5004.0,,0.1,14.4191,,144.607531548813,-51.4289267108478,3.4555,4.25132,4.02141,2572221764290136192
404688620,29.337724552984,17.8175243746221,7.69632,40.4865,-12.701,5187.71,,-0.0610623,15.8821,,144.345195427673,-42.2970861294711,4.26366,5.1022,4.83713,91181575874485632
266783926,30.0012895649901,-21.0778285385203,10.84,133.0,-25.0,,,,,,195.471623880917,-73.2437270165069,2.3939,3.98646,3.28114,5136659462996725888
250394854,30.9506560410018,-0.340246626443423,8.00038,89.0336,-44.5596,4964.7,,0.0330166,11.1907,,158.884270344305,-58.0687252837284,5.17273,5.94324,5.71537,2506789415004253568
332741781,32.8993139146282,-1.82542652319646,8.49426,-11.5256,-32.0067,4897.0,,-0.08,11.1075,,163.517213610819,-58.2338786495749,5.08648,5.92958,5.67414,2494336311948357504
268804144,33.2541149561434,-21.0001334273526,8.67112,55.9382,41.8254,4922.0,,,11.186,,199.105948752755,-70.4246988629107,5.00274,5.86,5.59528,5124830916905105536
1034389,34.2460134094812,-6.42211706008371,10.265,92.2048,-107.164,4997.0,,,10.4466,,171.274783867051,-60.9867450566689,4.6887,5.50289,5.25692,2487740376053070592
264611748,34.5191020243,57.5163216513951,4.21632,-13.3591,-1.23988,4991.0,,,24.1304,,134.385688374466,-3.41600647511199,5.02558,5.991,5.6676,458574349694431488
301411271,36.1038164354054,50.0065449836731,7.777,24.6181,-36.3354,4951.0,,,16.7552,,137.864159170635,-10.1502052359658,4.36255,5.18429,4.93496,355431809584909696
285466536,36.8657134621166,31.8012801601967,11.8253,-24.3638,-28.0233,4556.0,,-0.09,11.858,,145.720076932596,-26.7863960186847,4.5738,5.54738,5.2154,132751808418537472
422947705,38.9686374963805,5.59325930088338,8.52018,-26.6522,-26.6744,5198.0,,,15.5619,,164.478309375655,-48.6704321079759,4.09789,4.85581,4.63931,18118925129052544
274016481,42.7596995950624,-21.0040110832431,16.8863,-53.6157,-21.8952,5049.14,,0.0508824,8.70643,,206.796610650593,-62.0922150676634,3.966,4.76,4.51759,5127513656557144576
418029508,42.9238743587293,46.8419417846128,8.1987,-26.1765,-24.7736,5120.0,,0.23,11.0084,,143.37797112046,-11.2001004580766,5.08374,5.86978,5.63029,437104838965567360
382393070,44.1068776075118,-8.8981330083577,25.2039,76.8315,-221.612,4706.49,,-0.0163934,10.8615,,187.155926540972,-55.3112476804363,2.9116,3.88432,3.56899,5173421634271199104
269915301,44.7653183005273,35.1831351334049,9.66612,-45.9197,5.63228,4535.0,,,20.2291,,150.449704957846,-20.7792788220057,3.87948,4.93219,4.56468,137319832555250816
192247771,44.9574544454908,47.2207102515238,6.59938,12.3778,20.5436,5040.0,,,16.7142,,144.444658916514,-10.2172211269038,4.63113,5.4787,5.20528,434490715712928896
192589330,47.3741905412467,44.8574553488056,29.6325,164.224,-137.897,4910.6,,0.06,8.38927,,147.12325069035,-11.4321360175861,2.9269,3.78731,3.53271,433103132037681536
177801755,47.8224201877998,39.6115811235883,11.0925,-23.6991,4.36895,4714.0,,,17.4077,,150.231986103699,-15.7336508284468,3.6853,4.60911,4.3162,238798433608754816
113875184,47.9073506944429,19.7266759368732,20.3349,156.008,-6.22372,4836.36,,0.161569,9.87259,,162.602204378826,-32.1365882406763,3.4804,4.3383,4.08224,60248877811546112
365423635,48.1098545914215,6.66088047890037,3.93597,-9.58511,0.456103,4796.0,,,38.4803,,173.399964019769,-41.9900299388093,4.43322,5.55,5.1416,4425847835083264
28914573,50.0848386728722,29.0484623832061,5.43384,-6.34966,-17.0991,4083.0,,,70.3859,,158.13752545279,-23.4605774617553,3.05448,4.45102,3.88259,119186137034428032
29000381,50.5495563007013,27.6075530737432,4.73939,5.87395,-14.1019,4828.0,,,26.313,,159.4315561514,-24.3794723270071,4.60313,5.53601,5.23515,118803129030766464
29055294,51.0769878899244,24.7240948385737,15.2059,13.7806,-49.3471,4526.59,,0.205385,9.69811,,161.782505825531,-26.3864278211465,4.4808,5.50162,5.14719,69060363996700544
410868530,52.643696993561,47.9952167841262,9.69401,2.72411,18.8467,4303.0,,,31.8755,,148.480186129792,-6.82502937845742,3.14788,4.33744,3.89706,249147311932147072
416675025,52.6892508196666,6.1887031972089,6.23015,42.6664,-15.8315,5095.38,,-0.0709253,14.2053,,178.040706452172,-39.0742804892156,5.1181,5.92089,5.6861,3276200611007897472
118653173,53.9902786221477,-11.1937847431118,10.0568,24.2103,79.0601,5004.0,,-0.25,10.3107,,198.659460892598,-48.2549128164165,4.7568,5.57179,5.32158,5163536127088403584
38447461,54.6218871758527,-7.39186215859711,7.97184,-2.42947,-62.6492,4942.0,,0.17,11.9853,,194.292118115696,-45.807452503399,5.0238,5.84621,5.60046,3243848890110396416
374828367,54.9630061743892,3.05686510006744,10.035,-36.7708,9.10402,5014.0,,,10.3517,,183.012692260571,-39.4242172896208,4.7424,5.54842,5.3071,3271222228516258944
428980427,58.411234712533,48.6504954433197,7.75506,38.3811,-31.6759,4995.0,,,12.9449,,151.146068523269,-3.98132098653186,4.89846,5.75586,5.48855,249986617258390144
348799250,61.0902921084259,24.1060174805592,2.919,1.028,-15.2254,5077.0,,,45.2926,,169.667365456946,-20.788029443947,4.45684,5.47246,5.10653,66010696701152384
136888305,61.0946483706004,-12.7922964197297,8.68254,15.8073,16.7878,4830.0,,,13.3504,,205.171795764583,-42.7692593096584,4.7065,5.60075,5.31947,3188967248247014784
15904756,62.2915266092439,19.6092163143119,11.192,105.45,-31.5514,4763.0,,,11.1339,,174.001227065438,-23.091774721955,4.586,5.49829,5.20383,48794509270782976
34340609,62.5938335839044,-6.92385229249001,9.10103,-0.0910103,-11.6162,5311.0,,,11.4642,,199.187441915712,-38.7557682394276,4.6465,5.43974,5.20719,3196262301738787968
67782259,64.3300915954086,-6.47217368881137,3.9414,-15.6604,-5.70469,4942.29,,0.101665,23.7708,,199.760259717752,-37.0314483557503,5.0654,5.93047,5.66697,3202157848727653760
367594021,65.0601098454302,41.808119154261,7.73117,13.9854,-36.5079,5007.0,,,11.3919,,159.237899508531,-5.88941271612669,5.12997,5.936,5.70397,228361147685271296
58367051,65.0884039387337,27.3507550562319,10.8783,-28.6793,-77.7746,4573.0,,,16.9444,,169.834001149285,-15.9435440891179,3.9339,4.95308,4.59838,152375376557185152
239676617,65.1026618945027,34.5667231487513,14.8484,-25.0459,-6.42007,5009.46,,0.0660333,9.32013,,164.470982514526,-10.9550084812008,4.1343,4.93405,4.69135,175909804473075968
365512501,65.1718862454509,6.13078495822907,8.53852,-19.6197,-41.6494,5390.0,,,10.3468,,187.614646726344,-29.4911480913816,4.9668,5.75422,5.52008,3285053638117372160
435926868,65.7337543184689,17.5425155463389,19.0632,100.78,-28.0801,4975.01,,0.0771151,12.6678,,178.015424140316,-22.0085658397076,2.9288,3.75469,3.52208,3314024566919613952
60905900,66.6515490881464,14.7137858722029,7.61454,-9.13735,-31.2533,4882.0,,,23.422,,180.989324619762,-23.121064603765,3.84526,4.67573,4.42548,3310973422151441024
245792850,67.1437170246314,15.9623008996281,21.4183,111.325,-62.161,4969.13,,0.165032,10.9279,,180.256505017351,-21.9695414645497,3.0092,3.84084,3.59699,3312748824193704832
17554529,67.1541641861428,19.1804316269276,21.04,108.17,-35.64,4932.61,,0.199843,,,177.596378735604,-19.92365328713,2.6539,3.523,3.27298,48026706558487040
178937085,68.3772977161804,-29.7664937578038,26.6248,-114.074,-271.666,4879.0,,-0.19,6.88714,,229.858180870698,-41.5876555533219,3.6446,4.49,4.22922,4878920537149380992
178995938,70.0283396659118,-24.4823687146979,10.043,-70.2232,17.8643,4983.0,,,10.4931,,223.583904835486,-38.9102362560846,4.7385,5.56,5.30951,4894491786462064256
156612647,71.6853117599146,40.3125721777076,6.13271,9.52439,-35.4818,5098.0,,,14.0156,,163.734295879053,-3.22687318220318,5.15334,5.99783,5.72524,203226071356956800
246927556,73.7784344807944,-16.7406661531754,6.17044,5.54203,-7.69963,5116.0,,,15.1547,,215.949432492648,-33.0645670752959,4.90976,5.71,5.46508,2980088901150843520
96868656,74.2483839523227,33.1661164565604,5.51277,10.5934,-22.8945,4389.0,,,,,170.590000264574,-6.15952222613702,1.181,2.67185,7.20872,160886283751041408
452749155,74.6370948130941,1.71402180414374,3.25908,-1.0831,-8.38143,4377.0,,,87.2104,,197.558271409452,-24.0192622001957,3.2876,4.44532,4.0333,3231949906557374592
146517192,76.3652721407705,-22.3710330222483,14.39,23.2,-75.25,4230.33,,-0.209655,,,223.246629512525,-32.7311596907454,1.7793,3.1719,2.60963,2962546605447869184
43903580,78.2005358606416,-6.05718754454818,8.05505,21.8655,-31.3075,5103.55,,0.0786027,10.8203,,206.914186933128,-24.6680286473077,5.08836,5.90016,5.65144,3208587277330249856
6088659,79.8191906425037,22.0965089523255,14.0472,11.5436,-75.7626,5012.07,,0.0960494,9.80665,,182.537020300925,-8.69716200491185,4.1397,4.95428,4.69769,3414635344059244032
24664982,80.9867905706517,-7.8080601821568,18.7247,-16.2319,-44.2877,4939.02,,-0.144443,11.1313,,209.981258897623,-22.9815484202258,3.3086,4.13646,3.88183,3015112126066981376
156351295,86.7172247158156,9.52233941486683,10.6395,-33.843,-65.4353,5100.0,,0.05,8.38707,,196.897570144389,-9.70605095760445,4.9965,5.78245,5.54418,3336235698233644928
266049936,87.2934924358788,39.1810750833869,15.594,-28.6944,-25.7335,4898.0,,,11.4223,,171.58394288533,5.90914350856116,3.6962,4.52443,4.26921,191419859094194816
158867386,87.6251352654476,2.02470147054899,0.920839,-3.81515,-4.86905,5659.0,,,101.628,,204.021024611757,-12.5683384269364,5.0009,5.97,5.63352,3316078695157768448
76884912,87.7421250808093,27.9678624539655,8.48562,-1.62876,11.5883,5087.58,,0.118859,11.7696,,181.436237430075,0.506898640589644,4.77338,5.5806,5.34168,3443049576380598400
232168747,91.2424268476303,5.41996900490379,3.84723,-7.76673,-1.12157,5034.0,,,26.7088,,202.730782095792,-7.77857302163454,4.81226,5.65007,5.39506,3318535210294550144
232170646,91.2431744433435,4.15865623328986,2.06293,-1.18507,-1.58303,6477.0,,,47.23,,203.852855736688,-8.37584213863207,4.75092,5.61084,5.35177,3318108290544104960
81965046,92.8846052116746,24.4202549256267,6.13309,0.607806,-52.047,4721.0,,,18.3235,,186.804245419131,2.75967960678616,4.8751,5.83497,5.51067,3425544178747145216
242066094,93.4759752292206,-3.74137140288085,9.9977,-18.3488,21.2615,4998.71,,0.096789,9.2089,,211.994355125874,-10.0524909724517,5.035,5.83998,5.58649,3021524580959406592
443250165,96.0429985044854,-11.53009017601,8.36703,-55.6121,-32.7521,4499.0,,,21.2499,,220.245490503722,-11.2239172819469,4.11486,5.20405,4.80701,3001125513527026304
42819747,96.8149630999023,-0.275999414975713,4.95529,1.75355,-5.6725,4336.0,,,35.3967,,210.414086909822,-5.50382192661276,4.35157,5.53529,5.09768,3119997254659748224
234881782,98.0800153167203,4.85599941256126,6.99615,-37.4663,1.06921,5013.22,,0.0096864,13.2041,,206.428299489083,-2.02229547315335,5.01519,5.85304,5.59726,3131331226678059008
48237215,99.1709932757977,-19.2558673131525,50.4571,61.9916,-72.8065,4794.52,,0.0882353,4.90843,,228.688350000491,-11.7960798784666,3.0677,3.95,3.67853,2939555954755196160
48394292,99.4725900199711,-18.2374761467755,6.81317,-7.40626,-9.84372,4633.0,,,34.7499,,227.869713665476,-11.1069187561199,3.43894,4.42,4.09926,2940472157174944128
59777327,100.997029043116,13.2280052204316,10.9027,-0.269473,-53.5032,4471.0,,,22.233,,200.298354587395,4.36925485563203,3.4924,4.49198,4.14624,3352697277091090688
453331345,101.914893654009,48.7894824363991,7.67599,4.946,5.21103,4741.0,,,19.0634,,167.255220057296,19.4733098552422,4.281,5.21978,4.91126,990869987643774336
155144580,102.606242610463,13.4131808489386,2.85277,-1.80662,-6.90716,4488.0,,,50.3164,,200.838638352064,5.85141842736825,4.5948,5.68135,5.2955,3354061186904199936
53745318,103.533124459122,-24.1842147014645,1.65,-1.6,4.9,,,,,,234.983359941187,-10.2101086526885,2.407,3.89,3.24245,2921973698674974592
142671635,103.547499039862,-12.0386280706996,13.2611,-137.473,-14.3671,4137.6,,-0.402927,30.8132,,223.982114550424,-4.85608003654328,2.7241,4.06004,3.5314,2952868119987647744
68660462,104.252173988508,33.6810407301645,7.42929,-21.2246,1.36855,5216.0,,,10.8926,,182.723435278959,15.7163079727961,5.14167,5.92568,5.67757,939067940410703744
14247274,104.319204929745,58.4227527638291,19.14,7.0,-124.0,5089.01,,,,,157.769621050178,23.5994719241014,3.7497,4.35501,4.26308,1002340161664794240
63481992,105.429784982986,-27.9348255406605,2.68,-6.0,3.8,,,,,,239.16885303961,-10.2737854034975,1.8541,3.49,2.70703,5610441600394646016
457089746,105.572889610696,15.3360124712507,5.52185,6.04915,-24.7737,4755.0,,,20.2544,,200.374966227302,9.27831221586219,4.85045,5.77186,5.47832,3354030915972301056
425147993,105.908632794981,10.9518200379363,5.55602,-2.30364,-11.9719,4176.59,,,42.7961,,204.503484891463,7.64923079700418,3.91913,5.10858,4.66455,3159656089318576896
68745521,106.548296761386,34.473968469393,10.0359,-53.8427,-48.9183,5021.4,,-0.3,10.3747,,182.691982665493,17.7765285752633,4.7338,5.55875,5.29383,891499665778659072
468947084,106.956202397848,7.47121514395334,5.78576,7.31387,-33.0519,4565.0,,,22.4318,,208.110202202861,7.02671046402151,4.71595,5.74117,5.38742,3154222302856049920
68984421,107.78488018873,30.2451623976241,8.87786,-31.4941,-48.2803,4482.0,,,28.7152,,187.218641796389,17.1989883134935,3.3457,4.37799,4.03996,886479673643853952
284134458,108.583600270847,3.11141017370561,5.1866,-5.59528,-0.503938,4611.0,,,29.168,,212.765017734579,6.51048970499877,4.35133,5.34834,5.01593,3115290829498908288
317440039,109.843232131168,2.74067673821589,4.33194,-5.81762,-9.45757,4771.0,,,24.1066,,213.672949934242,7.46330240012602,4.97818,5.8708,5.60077,3139024715696867200
409545220,110.242853752569,-14.3604884721667,5.28479,-11.6112,-0.855785,4998.0,,,19.8973,,229.043207947396,-0.131612691781793,4.75344,5.58738,5.32986,3031854561430147456
9957346,111.035278279725,40.6723883454911,3.70701,-3.51069,-20.9346,4658.6,,0.0945906,42.9136,,177.667584718353,23.152106447013,4.19628,5.1964,4.86196,948592288087009792
425201066,111.412076574781,9.27609077872575,4.26242,-3.33764,-8.49737,5102.26,,0.00892082,30.8339,,208.448013518869,11.7783835874556,4.14962,4.98145,4.73044,3155451625572457344
64970337,112.327783310763,-1.90532699150526,4.25332,-11.0272,-10.621,4099.0,,,49.7206,,218.986192478092,7.53681849379193,4.24149,5.57884,5.04388,3061964171951149312
247119634,112.95168397715,17.0860470711755,11.1741,39.7116,-76.077,4657.54,,0.0571616,12.2518,,201.80396397026,16.4419317483862,4.4987,5.44299,5.13228,3169225963647395712
109728592,113.644978434683,-27.0122742980544,9.85866,-47.0127,71.3656,4784.0,,-0.1,10.9962,,241.68703642284,-3.36646365375461,4.8925,5.78,5.49336,5612492292661869824
94964412,113.98062757216,26.8957531831375,12.3525,-33.396,-108.045,3964.0,,,40.6547,,192.605382590657,21.0614247511879,2.5255,4.05492,3.39277,872128538640246144
4164118,114.636932185857,35.0485534482788,9.92655,38.6246,26.9297,5147.6,,0.0992453,9.69899,,184.445285895257,24.2408803252648,4.78897,5.58068,5.34359,895232026718165888
231376711,115.056370115592,-19.6608594030076,4.47276,-4.46672,12.5407,4674.0,,,25.0319,,235.903077098715,1.35521081311064,4.94414,5.92,5.5967,5716372364545313280
62151160,115.311815562165,-9.55113009968094,23.2799,-78.5787,-20.4984,4791.24,,0.00126725,10.5815,,227.186272259932,6.52203132835583,3.0983,3.92832,3.69347,3041619014955371392
423082848,116.111839761771,24.3980138532743,23.6199,-26.4733,-54.6266,5035.19,,0.03,10.7362,,195.8479687276,21.9721794657295,2.7503,3.55832,3.34995,867815979158660352
32406784,117.544070117599,-9.18344101764204,1.87513,-0.329723,-0.338636,4332.0,,,92.3381,,227.947214188146,8.62374627899086,4.3988,5.60171,5.15595,3040767752434465536
141933991,117.929271788764,-21.1736591500325,11.2274,-46.5398,33.5345,4977.0,,,9.16714,,238.562995877368,2.92748604946319,4.8051,5.62,5.36879,5712376704933582080
321150381,119.586088051057,2.22477014108433,12.7339,-160.801,97.7178,4970.97,,0.0149808,9.37731,,218.695259364584,15.8816651480318,4.4932,5.30094,5.05294,3087915773104836608
72977113,119.933973677055,-3.67958383104351,10.2424,-54.3795,-3.13155,4565.15,,-0.202353,18.3731,,224.238016640929,13.3860749974986,3.8881,4.92859,4.56487,3068999225306100480
19115867,120.197114339226,17.3087023132148,4.00866,-10.4033,-3.90517,4493.0,,,37.1056,,204.502162905288,22.8843432147091,4.51045,5.58104,5.20664,667368721582875520
171526610,120.232804356767,25.3928377705468,5.19551,16.5632,7.10158,4994.0,,,17.6744,,196.233118126141,25.8240636738912,5.04265,5.836,5.61761,682015625213452160
170581961,122.887517993688,-7.77253745124582,11.6242,-43.8759,-25.6354,5091.04,,0.0,9.33666,,229.395137073417,13.9063274105345,4.5889,5.35508,5.12958,3063621307772865920
81038469,123.459105739442,56.4522532114869,5.96958,-24.5546,-36.4023,5013.4,,0.11596,15.675,,161.31430637412,33.5781479427561,5.0308,5.877,5.60952,1033475857061476608
458582777,124.128842899492,9.18554152385015,11.23,-47.0,-49.0,,,,,,214.253182889415,23.0475868663794,2.2206,3.51012,3.04628,3098404220680931968
14454264,125.087380624766,20.7477225434426,8.41647,63.6902,-45.8682,4629.6,,-0.0378331,14.1572,,202.846256423471,28.448943702875,4.84825,5.818,5.49357,675727793092702080
23608474,125.708796815104,43.1881344904602,8.39392,-22.5014,-101.507,4075.06,,-0.188994,49.6885,,177.389724176159,34.3361436770723,2.81929,4.23883,3.64129,916230087468692864
73416947,127.566129870179,60.7181698431849,18.21,-134.0,-108.0,5135.32,,,,,155.976404965864,35.4268431085938,2.607,3.35214,3.14432,1041808368494264576
178268553,128.177066296722,20.4411640533051,10.555,-46.332,-44.7264,4497.0,,,15.5235,,204.331488813949,31.0559812525642,4.2728,5.32793,4.95847,663132440719945728
290416357,128.431160289371,4.75700011614999,3.0725,-14.4848,-6.12849,4896.0,,,31.8311,,220.681674756406,24.8753715781326,5.00257,5.86797,5.60256,3092508639329332992
432119812,129.689326964349,3.34142794385833,8.5948,-20.2597,-14.3774,4615.0,,,26.4283,,222.713659814864,25.3143283161518,3.47485,4.43461,4.13309,3080111439567156992
184899026,131.171244981073,18.1543146032272,24.6304,-18.118,-229.256,4760.0,,,10.4036,,208.02592635378,32.8987757351076,3.0264,3.93504,3.64501,660136821288588416
1738861,132.633011285676,-27.709841261315,15.7118,-133.313,86.0755,4351.0,,,21.5045,,251.570899812123,10.3248781594682,2.8731,4.02,3.60213,5642935536248627456
21502285,132.986793805354,43.726606431503,12.2044,-14.6343,45.8161,4878.88,,-0.13,11.0375,,177.192154588616,39.6424273247972,4.3166,5.15468,4.89666,913924583384303872
458688331,133.848437298583,5.94556227180426,21.64,-100.0,15.0,4890.96,,0.01,,,222.342820307156,30.1985583710965,2.2349,3.10403,2.86438,583588100209595776
126277076,133.915333513136,27.9274833047568,5.46298,-12.6425,-32.8005,5214.53,,-0.0346733,20.4448,,197.496098769797,38.2587702677693,4.39388,5.22556,4.97276,692906219167392384
21550627,134.208133889986,45.6316469254162,13.3725,-125.393,-44.8283,4500.09,,-0.0519512,9.96724,,174.708640139846,40.5215118668567,4.7628,5.73423,5.40358,1010211835989049344
166532301,134.886062591679,32.4185587400271,10.7949,-44.1135,-34.6245,5070.99,,0.0146835,10.7718,,192.052576849781,40.0061787541888,4.4642,5.2339,5.00205,712117436084443008
149844355,135.491613622074,-0.482671278063674,5.66219,-48.321,68.402,4574.98,,-0.31475,23.7642,,229.67727045461,28.4285022755793,4.64212,5.63503,5.30029,5764519360241326080
323523285,135.686733661827,7.29827056595811,5.9133,-10.283,1.01757,4840.3,,0.0634609,17.4865,,221.939763233397,32.4447836844549,4.9207,5.83647,5.54457,584168092591768448
270581362,136.493204748082,5.09232632077754,5.93219,-20.7782,-9.63419,4596.86,,0.100362,30.7224,,224.686664996822,32.105236107036,3.96448,4.97245,4.63747,580275512191589760
138689271,137.000208404409,29.6542350343379,12.131,-32.1077,1.97239,5081.93,,-0.0424328,8.75581,,196.074711769402,41.2748102463703,4.6452,5.43982,5.18677,699345612094125440
1232485,137.297977370094,-12.3577051829773,8.24548,19.9413,0.928443,5021.0,,,11.4735,,241.702859697242,23.2072862115127,4.95431,5.77506,5.52324,5736048503072993152
139366109,138.809357069608,34.633517635089,8.80999,-158.596,48.0277,5044.99,,-0.68,9.59615,,189.72790528111,43.5553864548369,5.20923,5.98609,5.75055,714079652021800320
405800951,142.121560707301,8.1883018374788,7.12973,-26.6628,-31.5687,4921.0,,,14.907,,224.644180108347,38.4951038628754,4.81769,5.7193,5.41352,586587361769876480
8855140,142.680126216624,33.6557105711193,6.41354,-26.5442,-47.4539,4923.0,,,15.0007,,191.560880257885,46.6448240141128,5.0151,5.87045,5.60668,797423561120416128
286728047,142.930141836854,22.9679895184929,10.5507,-22.1269,-38.2248,3994.0,,,40.3474,,206.692957020606,44.864081190239,2.8593,4.2915,3.70026,644306911864817152
52007511,143.301916265293,-21.1157222937789,9.03117,-20.4791,15.1253,4897.0,,0.19,15.9553,,252.970966063269,21.9802526450648,4.17737,5.02,4.76015,5676911545051183872
188511154,143.55575599347,36.3975600855706,18.1458,7.27976,-23.2005,5195.0,,-0.02,8.32126,,187.608151851184,47.5342591990468,3.7551,4.53383,4.30678,798883781282661248
123223573,143.636030738257,-5.91494735226965,6.4053,9.52092,-58.6922,4680.0,,,20.4667,,240.181815438521,32.0849521041964,4.58745,5.55319,5.23458,3823792208055346688
450303834,143.765958553127,39.6214928473192,14.6281,-30.1244,20.1555,4912.0,,,10.7532,,182.824862556859,47.7052683418062,3.9371,4.80912,4.52267,812966291849963008
155177829,144.260754690842,16.4379520235953,2.92295,-14.0399,-3.41549,4554.0,,,46.1068,,215.906467246351,43.9118185722363,4.6766,5.72063,5.36381,620466991513844096
62730206,144.964011661927,-1.1428177177417,13.5761,45.0289,-61.0499,4277.0,,,27.8296,,236.489523904749,35.9805671932628,2.7261,3.89133,3.47523,3827873938815011200
17193531,145.501428932252,39.7578517045221,9.10951,-50.4377,-47.8375,5120.22,,0.106139,10.585,,182.535591134124,49.0338368360522,4.82167,5.61245,5.37747,801367371890645248
418159863,146.597199377714,11.8100453980108,4.5089,-16.5867,17.1219,4085.54,,-0.266736,47.0282,,223.067132204274,44.0751084204778,4.3029,5.65016,5.10562,613405996559515136
396811649,147.86947907893,-14.8466287133446,13.1263,31.0369,-26.8622,5177.6,,0.1,14.081,,251.235106298371,29.4441727424942,3.3325,4.11447,3.88592,5687035813759862272
82204610,148.190900851336,26.0069503576984,30.6493,-215.745,-54.8429,4554.3,,0.271004,9.98152,,204.04518539672,50.2457634925825,2.8345,3.86648,3.52769,643819484617141504
377129199,149.107853156273,8.93324156515038,,,,,,,,,228.254861143667,44.9012059036812,4.8884,5.84776,5.52834,3878055473412512128
377368616,149.306712695267,57.418207358543,7.35383,31.4668,-62.307,5152.0,,,11.0478,,155.903844296947,47.0175524776963,5.18302,5.944,5.7301,1046383298937140864
277696329,153.20151985359,4.61467773231984,6.53054,-50.679,-6.2628,4576.0,,,19.9363,,236.561100361634,46.0246097328288,4.72881,5.77197,5.407,3860847570977164288
1043359,154.173988436364,25.3707155524119,10.3634,-126.257,2.17974,4527.0,,,12.2115,,206.894809852294,55.395262336922,4.7998,5.8354,5.47703,726863845516035328
1530056,156.522609166107,-16.8362886033826,13.14,-129.0,-80.0,,,,,,259.986850601254,33.650598829265,2.4451,3.83,3.27569,3748360796947806208
392846336,158.700056741582,6.95375067151372,12.6802,-102.419,56.734,5061.52,,-0.109211,9.96647,,238.510728727409,51.8349437861972,4.2698,5.07162,4.83149,3862530682761469184
358841370,161.605321672839,14.1946467705051,11.6524,-125.377,-65.2961,5061.0,,,8.94157,,230.543106305659,58.1479216039191,4.7057,5.4837,5.25096,3885044901326958592
410067602,162.406200417103,-16.193644350978,23.54,93.0,199.0,4431.0,,,,,265.052262293711,37.5607055709956,2.2399,3.11,2.91633,3557567320183657472
85321185,163.327852403603,34.2149045780139,31.2707,94.3848,-281.566,4671.83,,-0.11,9.11637,,190.010336204237,63.7337585266635,2.8936,3.78458,3.52546,738259665062428416
302668272,163.393553131464,54.5851329805989,5.76489,-66.2384,-10.5362,4243.08,,,38.9087,,152.855245102296,55.1495219342365,3.95079,5.1134,4.67904,849917888362404224
422280868,163.574069693484,-13.7580375829163,6.1669,-6.31803,8.71484,5406.0,,,13.6125,,264.461794956126,40.2052528490117,4.93149,5.65935,5.43972,3756065899557202176
437232382,164.943595674007,-18.2987751621636,23.1349,-460.332,126.042,4900.5,,-0.71,9.74649,,269.051726985912,37.1203595112728,3.1355,4.08,3.75561,3553136288324444544
252795551,165.061267344771,45.5262756183883,4.58033,9.87935,1.55923,4139.0,,,47.4578,,165.759932531701,61.2743512117135,4.1333,5.44644,4.92496,783136060354929024
157847644,167.415864019063,44.4984844917815,22.21,-62.0,-27.0,4609.99,,0.00268293,,,165.803742999362,63.2304471632109,1.8062,3.0012,2.67512,779106556394253824
445809684,169.174374847199,49.4762487550823,7.50021,-84.609,-11.6,4760.34,,0.0612677,14.1106,,155.720984241579,61.1850775667678,4.95006,5.88149,5.57581,837827795942978432
335378088,169.835193119287,-14.7785323349143,20.0507,-122.062,205.37,4478.01,,,18.2872,,272.067896045828,42.5070257533334,2.5751,3.553,3.24177,3561350430457837056
363531747,171.009696034421,1.40776401468006,8.66311,-15.7895,-0.450212,5075.0,,,12.8086,,260.092374021275,56.8253972871159,4.56808,5.37559,5.12806,3798620396870508032
396928591,171.245519854206,11.4302927176452,6.69075,-101.827,-9.82596,4288.0,,,24.3145,,246.450642171726,64.3380203501312,4.56433,5.79048,5.32013,3915824286237533952
341687229,171.48795855578,55.8504580657901,8.97309,-71.7585,48.1267,4932.0,,,11.2981,,145.256861360961,57.4163480320077,4.8793,5.72916,5.46403,844058831415683712
363571931,171.98433360826,2.85626735935508,6.32844,16.3583,-11.3296,4942.0,,,23.1427,,259.896660938761,58.5677471583015,4.10363,4.93945,4.68371,3812336190247422336
49430557,174.237206841108,-0.823746141505469,18.9939,2.77905,42.2438,4919.0,,,10.3558,,267.263385350309,56.7984517847318,3.4462,4.3049,4.0304,3794167001116704000
253043689,176.512558296915,47.7794068914929,16.8738,-138.302,28.0468,4318.32,,,23.241,,150.319703562155,65.7230183403269,2.625,3.68248,3.32851,786420645182229504
284627497,178.993404949954,56.5985571372226,10.3649,8.77182,-2.09417,4613.12,,-0.05,11.313,,137.733219505986,58.9073384496172,4.8963,5.83227,5.52672,842067272260382336
18908102,180.414427738535,36.0420745372215,10.1546,-92.4889,-78.5714,4776.29,,-0.0110984,11.6842,,169.735787741323,76.171003980289,4.6916,5.58793,5.2941,4030006026161443712
397481377,181.30222486625,8.73302203681555,19.273,-227.057,32.4725,5005.05,,-0.325263,10.5437,,270.06034471956,68.6017518234721,3.283,4.11003,3.8634,3905768599567468544
422379916,182.53116689275,-22.6197694701148,10.26,-71.52,10.55,,,,,,290.590181980882,39.259872743729,1.87,3.02,2.58328,3490234568129160704
367683515,183.038709666912,20.5420634341747,9.08212,-15.83,-18.31,4986.16,,-0.0374822,11.5503,,247.105968323473,78.8688770660759,4.76768,5.59662,5.34167,3951561575236309120
141266294,184.085573374598,23.9454122553285,14.2576,-25.9909,-7.53819,4937.29,,-0.153495,10.1433,,232.897676297132,81.4703046220181,4.105,4.93069,4.67768,4002093686540184960
72437047,185.179273249306,17.792872016367,10.7104,-109.241,88.1701,4675.18,,-0.51,17.407,,264.140716795975,78.2805513919707,3.8379,4.72307,4.44038,3946945413106333696
141206921,186.006227521583,51.5622542032014,8.69832,12.7692,11.9035,5060.2,,0.08,16.9738,,133.050496919091,65.0240669668362,4.00059,4.7664,4.53555,1547805440663969920
10219457,186.462241100994,39.0186165251224,13.2764,-77.3346,-33.7816,5053.0,,,9.8263,,145.504560841095,76.9664252347046,4.2147,5.01685,4.77164,1532184644606148352
393800697,186.734473509232,28.2684274111,19.2552,-83.99,-82.216,4681.5,,0.08,,,199.645340534571,84.4590230794097,3.529,4.33508,4.05145,4009317512294972160
159167681,188.78403028526,21.8813842678831,4.9298,20.2306,-20.2499,4534.0,,,26.5794,,266.812998155038,83.5762212230199,4.7624,5.84187,5.45386,3955644886544145024
87553666,189.243052192121,17.089535076726,5.94186,-38.1695,-17.5397,4197.0,,,31.4615,,283.763923653685,79.418967482385,4.38519,5.68264,5.16451,3935409852503497600
51759683,190.908542076785,-1.57699611205098,14.8875,47.3728,-73.568,5042.0,,-0.404224,5.78971,,298.876919392201,61.2332946755671,5.1385,5.92449,5.6837,3683485350301204992
88172283,195.290064371052,17.1231465086849,7.66056,-8.29516,-23.1,5035.0,,,11.4273,,316.091740366487,79.7456139527872,5.1408,5.96337,5.71686,3937711783175696768
422290758,195.544146219961,10.9591507544157,31.9,-272.02,19.27,5098.54,,0.126893,,,312.324974271249,73.6347426171716,1.8555,2.82115,2.58014,3736865265441207424
134911095,196.974215352959,-10.7404094330244,11.4176,17.6896,-10.0322,4651.0,,,13.8546,,309.495502374469,51.9214595887069,4.1839,5.14423,4.82825,3622819624439843072
180624632,198.428925483515,40.152882624117,7.29269,-51.8111,15.6569,4906.0,,,20.7769,,104.836582438163,76.1826616888839,4.04579,4.9342,4.64067,1524839460257904896
282793942,199.315117647411,13.6757501349097,10.7883,7.89677,42.7412,4250.0,,0.1,18.5317,,328.355334713603,75.2576371341867,4.1761,5.32062,4.89568,3742985903074533632
6013637,199.730405891583,-23.1715280846939,24.37,68.41,-41.09,5136.0,,0.18,,,311.098556675225,39.2640081164149,2.1653,2.99,2.74012,6194563955869054848
357513372,200.754644227677,-17.7352743281719,11.0973,-49.9439,-29.3507,4925.37,,-0.0292537,10.8411,,313.499350598154,44.4875147507204,4.508,5.36,5.08811,3604079616975432960
114957880,200.828723108894,-4.92442815803013,4.39455,-20.0062,-16.7339,4189.0,,,39.4783,,317.637482091254,57.034386458933,4.57484,5.86803,5.36223,3635288361176764416
617994,203.241970104625,-10.1650016970277,11.6672,-32.1212,-38.155,4885.68,,-0.206098,11.2914,,319.44005874169,51.3707073849393,4.3566,5.20733,4.94023,3617798051756565760
157837609,203.880402784354,-5.39619103063063,9.73763,15.5606,82.1577,4934.19,,-0.225335,10.5661,,322.709419215526,55.7735722081921,4.86408,5.69946,5.44117,3633360951653003776
173095884,205.680961459696,34.9890231697327,6.61309,12.2266,10.7729,5213.0,,,11.6978,,71.7137831657348,76.5131031284785,5.23004,5.991,5.76297,1470909205188365184
290058791,206.124279190327,-16.1790732740209,3.57142,12.3578,-5.94585,5544.0,,-0.03,23.6324,,321.031386115754,44.819898773052,4.82627,5.55,5.33892,3605275331575431168
22953654,206.579424822154,38.5036234792494,8.69409,-49.4731,-13.6091,5056.0,,,9.89929,,81.1083029136273,73.8389658695432,5.13271,5.9306,5.69537,1496458831762164480
72518243,207.369324406619,15.7978880761143,14.2758,-90.1013,43.9995,3991.0,,,34.1922,,355.810476727208,72.4010795744851,2.5594,4.02076,3.40283,1243381938292692096
392962749,207.602826205039,5.49722294953943,6.23722,10.5127,-0.550026,5192.0,,,12.6398,,338.543312711647,64.2119242640677,5.23761,6.00717,5.78429,3720069916087998848
72577815,208.303876392608,17.9328689464903,5.52364,-34.8417,5.09238,5294.0,,,15.2888,,3.29705193297573,73.052532048066,4.97718,5.705,5.4968,1244803503748018304
60857616,211.59291059453,-26.6823621915766,32.3,43.0,-141.0,,,,,,323.000895009231,33.2523954166073,2.2282,3.25,2.91584,6270558110774003968
5976862,213.223941868581,-10.2737155237168,14.1598,5.54137,141.754,4235.0,,-0.43,24.7669,,333.515705479341,47.7024250294946,2.9693,4.17558,3.70312,6304988355324252928
83655073,216.20259814945,-24.8063110613226,7.88462,-54.19,-17.7808,5088.0,,,14.467,,328.451108905831,33.3969038198115,4.51678,5.34,5.07951,6272566433184713856
441712711,217.157554393817,49.8448503048349,10.39,-304.064,-46.8161,5025.78,,-0.615517,9.81465,,90.162266254835,60.6435849719043,4.7812,5.59,5.3339,1603662211901473408
287030601,217.957452646626,30.3714362864142,21.92,-100.0,120.0,4251.83,,-0.13,,,47.2961112113791,67.8045823505868,2.4155,3.56364,3.15465,1284537517514584704
371124427,220.411460378746,8.16176134731956,6.87567,-9.58879,3.90607,4865.09,,,22.9974,,2.05053110793196,57.7576396547524,4.01188,4.84162,4.59557,1172801946147903744
420799657,220.431336290706,11.66066167448,9.01198,-159.787,-112.732,4900.0,,-0.15,12.3737,,7.45669104922019,59.8590126398265,4.74226,5.55123,5.30708,1178359260166926848
450355178,221.310257222889,16.9642682071029,13.8488,-60.6504,-50.6264,4999.0,,,11.6788,,17.7333501854628,61.8234778590238,3.7972,4.59519,4.36509,1234775751543356928
309243677,221.52821111038,-23.1530301802549,9.4899,22.5199,-60.528,4930.0,,,10.5729,,334.503879662308,32.595278675785,4.92891,5.8,5.52222,6230557877755014016
122797,222.572089425607,-27.9603718110514,11.444,-232.696,-60.1175,4214.0,,,28.3263,,332.646368692643,27.966418094369,3.1468,4.42,3.91233,6219380139469026432
26348809,223.595308534812,-11.8983479417236,9.88098,-53.0226,-8.92046,5072.05,,0.0918697,9.41525,,344.344230351014,40.8836834921955,4.94234,5.78475,5.52499,6313345056012103552
192584774,224.192142740688,-11.409698270545,4.97622,9.62629,9.38688,4211.0,,,42.909,,345.351234578052,40.9171513024198,4.13158,5.45626,4.9257,6313390513946128256
445084447,224.298657950194,16.3881276092138,5.37538,-2.65715,-4.3516,5092.0,,,17.5417,,19.2158827053873,58.9964549246017,4.91422,5.71518,5.47496,1187965555819801600
262880505,225.48651306301,40.3905550695596,15.9311,-41.2767,-27.0131,5080.42,,-0.0419403,16.2582,,67.6189794752534,60.0387301101013,2.6507,3.48122,3.25469,1296713990316692096
315388336,225.725157122464,2.09130077684744,16.9834,-55.6195,14.4797,4747.0,,,12.3409,,0.0741915892567375,49.7899632773785,3.476,4.393,4.09754,1153780605441364224
137841692,226.56965355881,54.5563183439634,12.1588,48.254,11.9747,4957.0,,,10.2581,,90.42713073106,53.2074697448913,4.398,5.25211,4.97437,1600250049363008640
61223314,227.577631393927,-26.3326254918599,7.56063,-31.8702,-10.0832,4954.0,,,13.79,,337.868976649472,26.9596583132935,4.87294,5.75,5.4773,6226354169929340416
16270265,228.875675196432,33.3148289223604,27.94,85.0,-111.0,4875.64,,-0.23,,,53.1124243291279,58.4312330924981,2.5595,3.46956,3.16999,1278391075717325312
70521136,229.095877684543,-22.3994135991042,8.16641,-35.0041,2.63953,4447.5,,-0.365,20.1409,,341.754661923593,29.3360767524867,4.35909,5.52,5.0946,6252246328735902720
294649449,230.96766108949,-12.3695002805943,6.49156,-38.0595,-36.8614,5083.88,,0.141669,15.0742,,351.019895094135,35.8983834088657,4.81815,5.71487,5.42915,6314539022560864640
165722603,231.232390373243,58.9660705419143,31.92,-8.1,16.2,4534.07,,0.0892006,,,93.9710746787976,48.6277768698122,2.2711,3.29668,2.96828,1614731957531452544
335254912,232.064199311125,-16.7164811190321,5.34244,16.6886,-34.6984,4122.0,,,42.3123,,348.456354096685,31.9610803972157,4.2007,5.64,5.03695,6258744305012342016
335328974,232.668338023173,-16.6094619768331,6.50765,22.8245,-1.86773,5002.0,,,15.969,,349.048142276804,31.6552885554282,4.90767,5.82,5.52581,6258582505008556160
393127616,234.123229077872,10.0101548398565,14.3226,41.8811,-125.722,4970.19,,0.0,8.49995,,17.2094972943109,47.566751679306,4.4536,5.25092,5.0122,1165158832802119040
219735056,235.246251545116,16.0245910450221,7.18101,21.9133,-17.0365,5105.0,,,11.4574,,26.065239466798,49.2606762133989,5.19905,5.99876,5.7565,1196116029359169536
320333814,237.398528710796,26.0683897903634,19.7137,-78.7999,-64.1988,5219.85,,,7.26579,,41.8752674482741,50.3723035128643,3.8901,4.64636,4.39659,1222932018450870144
161732839,238.068985450385,55.8267138211858,10.0925,-24.7097,53.9174,5027.0,,,9.09574,,87.2870815921109,46.8399352118597,4.9988,5.80823,5.56088,1598411047445960320
281109982,238.456413262273,-16.7292921453878,19.6104,98.375,133.327,4718.0,,-0.23,12.2534,,353.545619026349,27.7176277515537,3.2311,4.13,3.8369,6260822966106824576
393633829,239.310713134803,14.4144810584203,13.5591,-122.856,87.2222,4634.0,,,9.94469,,26.2111056921693,45.022478737835,4.5484,5.53529,5.19712,1192136759341170176
462176735,240.213059292005,4.42735767085442,13.4942,-42.4214,73.0511,4651.46,,-0.21,8.53824,,14.8605254069879,39.519635760786,4.9106,5.81048,5.51537,4425477165851806592
48795257,241.851358866407,-20.868771441325,10.8678,43.1963,-43.4604,5380.0,,0.1,14.0864,,352.696584050881,22.5342436152997,3.5669,4.31,4.09713,6243816751039523712
193379358,242.460421603271,-3.46675544317725,8.48392,-9.92828,-0.275,4331.57,,0.152585,26.687,,8.28356542986532,33.2421897723447,4.00986,5.3638,4.82943,4404771472112825088
135596590,243.46211217671,-11.8377515253696,7.9805,-5.62983,-9.06176,4364.06,,0.0247835,32.0773,,1.30266923162535,27.3430158939895,3.97655,5.22606,4.75429,4342464209753404416
362392898,244.580383977755,-4.69251005668857,30.64,82.39,40.08,4904.49,,-0.0512281,,,8.56589796464316,30.8098007929228,2.3106,3.22273,2.96419,4356298849169862784
198187877,245.997864146838,61.5142120153756,37.18,-16.98,56.68,5007.0,,,,,92.584504608395,40.9510632382195,2.2733,2.72075,2.60282,1625209684868707328
203446674,246.025624768189,-20.037519822955,,,,4748.0,,-0.13,,,356.169052827551,20.1825509594358,3.6099,4.48,4.20086,6244910765107054848
6063135,247.141585825413,0.664999634034501,7.38668,4.71624,-67.8275,3995.0,,,34.3111,,15.439664599449,31.6566392620294,4.08462,5.38169,4.8752,4431639310048958208
414016637,247.784856170693,-16.6127350455224,14.0516,-44.7009,-36.5389,5106.0,,,12.5129,,0.125267797663349,21.0824777004143,3.5153,4.29,4.06816,4325157278258097792
398707879,250.393266974022,-17.7421679642235,8.29128,-21.6696,-1.22439,4651.0,,,21.7753,,0.818805032877656,18.4254689304094,3.91916,4.91,4.57043,4131941783535773568
57192070,250.724012317861,38.922255418923,29.11,36.99,-85.53,5029.03,,-0.112942,,,62.2810238467179,40.9035383058169,2.6462,3.48376,3.23901,1352588216303348608
337650124,254.417075002288,9.37502931782854,35.66,-293.0,-10.0,,,,,,28.3650013549545,29.5047306629082,2.2128,3.17981,2.86257,4444057469252265984
287230758,255.242231561813,22.6320931534951,2.32116,-9.38327,-22.1416,4478.0,,,64.2416,,43.1473385327356,33.7978118087574,4.5712,5.6503,5.28896,4565242307971897600
85521725,258.761815644967,36.809160312894,8.89,-28.5,3.2,4106.0,,,,,60.660730472762,34.3422641767695,1.9708,3.13675,2.67703,1339952869195300608
459621629,259.654123925908,10.8644731385827,6.18598,8.14571,-97.3075,4142.0,,,47.6083,,32.3797518339404,25.4892140301872,3.61471,5.00935,4.45256,4539829158279285504
188694034,260.439034299549,53.4204295703926,4.19733,18.5299,2.55207,4136.81,,-0.115873,46.7233,,80.8955294084865,34.6425632783787,4.35827,5.68228,5.15028,1419240920415509376
447863590,260.990067699275,8.85256981866635,3.69366,4.01153,-6.2342,4549.0,,,36.7897,,31.0041313014313,23.4367908166515,4.68402,5.74122,5.37762,4490505410254717056
328070002,261.628669166479,4.14035766020716,3.8431,1.58334,7.13304,4248.0,,,91.8601,,26.7661538674219,20.7547519113637,3.0379,4.30062,3.83313,4389237503121158016
298441573,262.684624872373,26.1106423587003,8.501,18.6897,16.9418,4245.0,,,37.5118,,49.4826385698723,28.4440839001311,3.15248,4.38367,3.91653,4570796456599587200
39429875,262.730722440668,31.1581388021817,8.04402,2.79919,15.4169,4950.0,,0.0,13.1231,,55.0284098554876,29.8689094133932,4.82838,5.63521,5.38805,4600042332025438208
88893483,263.280240516338,41.2434499541668,9.3756,-68.432,-61.2784,4696.0,,,12.8446,,66.5964933141675,31.6592265710166,4.76008,5.73423,5.4041,1347206278683904256
361269297,265.868133487247,4.56730335430717,39.78,-41.65,159.51,4574.43,,,,,29.2133716817515,17.191294185706,1.6533,2.73659,2.40301,4473334474604992384
159847014,269.063243418364,37.2505387774303,2.75472,4.96221,6.16005,4390.0,,,129.195,,63.2558162294546,26.4198873244123,2.7564,3.83723,3.48471,4609802834185436928
62756466,269.198933833849,-4.08182042944952,7.91356,-6.86367,-8.3953,4803.88,,0.0475773,16.4085,,22.9398440699494,10.2065417522484,4.42672,5.42938,5.09251,4177374600431607552
158752691,269.441186252526,29.2478778471664,25.2599,82.7986,-18.6767,5087.03,,0.065,9.30299,,54.9097431249507,23.7651265995971,2.864,3.69364,3.45958,4584613194593381888
9815387,269.756645003424,-9.77363473287479,21.64,-10.0,-116.0,4928.66,,0.110308,,,18.167970515144,6.97437909872368,2.4836,3.31216,3.09653,4164319171172759040
22415754,271.456712697369,32.230674325189,4.94383,18.3297,-19.8565,4658.0,,,24.9301,,58.59408297634,23.0809337504144,4.73541,5.71366,5.38592,4603350625076141312
41652774,271.563322031409,-4.75125393061064,28.044,142.784,-30.8658,4862.0,,0.02,3.72232,,23.4780043086381,7.81430759600093,4.8913,5.74662,5.47267,4173946529333731328
24594228,271.826495351424,8.73386613656763,13.1352,9.85708,29.7696,5038.48,,0.09,11.9066,,35.816830029913,13.744020583394,3.8358,4.63536,4.39422,4481492679086077312
248625713,272.020749515245,-28.4571000424578,9.82525,23.511,-29.9397,5062.0,,-0.01,16.776,,2.88571570459983,-4.02201277302109,3.70539,4.55,4.29366,4050817990273288064
75962707,272.49584729261,36.4662745288581,8.56796,2.43963,9.18843,5067.79,,0.14,11.768,,63.2708774616346,23.5638416948719,4.78334,5.5739,5.33385,4606716401966859008
2382387,274.22125301137,-3.00740082950592,9.29992,18.05,-274.034,4856.0,,-0.6,10.0681,,26.2831721905999,6.29020905959408,5.19035,5.98894,5.7545,4270573397890617856
321850466,274.965453758236,36.0645445481662,12.7586,-16.4806,41.6679,4638.0,,0.13,18.1197,,63.5202556831071,21.5456723981343,3.3662,4.31866,4.02136,4605754569812388480
168466436,275.216934776942,3.37716158052142,13.732,-7.6459,12.5464,5081.0,,-0.09,10.1679,,32.4623322299311,8.33828457144573,4.0493,4.84069,4.59431,4278174940241609216
168775356,275.327498210449,-2.89882792887342,52.81,-548.0,-701.0,4847.75,,-0.17553,,,26.8953794647518,5.36209773945203,2.3611,3.24218,3.00381,4269932382607207040
156974847,275.704332418678,17.8266153749534,8.5902,71.3234,15.7158,4473.0,,,20.6299,,45.9502324389785,14.1892320331202,4.15207,5.24658,4.85264,4523421627299918464
342319296,275.924540281901,21.7697459439708,27.4579,196.027,-241.709,4452.07,,,12.0646,,49.7667989259766,15.599383013651,2.8065,3.84704,3.49674,4529285391533766400
53376588,276.992665897888,-25.4216954281541,42.2,-45.0,-186.0,4767.28,,-0.105872,,,7.66029514591719,-6.52176318960891,1.7061,2.83609,2.5329,4076915349846977664
227998935,278.47286398134,-24.0322839851926,2.13755,-3.41549,-6.8902,3985.0,,,146.596,,9.51960042268377,-7.09581704107523,3.8002,5.49,4.73422,4077480533158341248
218725368,278.759964399588,-10.9772095594503,12.2208,50.0113,-4.58565,5070.43,,0.06,10.0504,,21.3053983211122,-1.39629669562798,4.3296,5.11815,4.8839,4154786748987811456
218949457,278.801785087471,-8.2440651359622,18.72,-19.0,-315.0,4255.09,,,,,23.7512267296077,-0.175209724314801,2.6691,3.83889,3.39857,4156500578347841408
441960203,283.500366954239,-21.3598472411402,2.98552,4.93588,-18.6337,4612.0,,,47.6197,,14.000761069672,-10.0991094176806,4.59067,5.68,5.29046,4084858221759157120
58315060,284.265292777037,-5.8463140184988,15.296,61.5454,-41.4288,4710.0,,0.08,11.494,,28.3599563029365,-3.90875820292334,3.9114,4.82134,4.52426,4253892913176211200
442255852,284.432497147369,-21.1066643170245,8.93,34.4,-12.1,,,,,,14.6099270537977,-10.7774180232576,2.4894,3.49903,3.15653,4084834822776246272
307002166,285.420121457884,-5.73909228394667,22.7939,-22.7652,-42.4337,4682.0,,,11.3337,,28.9766132326827,-4.88524078301698,3.0894,4.00349,3.72616,4254220979971917056
465992580,286.735003339794,-27.6704255895161,26.82,-51.0,-251.0,,,,,,9.33392206541873,-15.3684967643032,2.2784,3.32,2.91491,6762701233364896000
284359863,287.919083326609,56.8592114825278,9.1533,30.3637,44.9922,4963.0,,,14.3366,,87.5642715149458,19.8097812133674,4.29092,5.12448,4.86948,2142873125164535296
400649226,288.833710086612,15.0836509303117,5.27424,0.990731,-10.5275,4857.74,,,23.5043,,49.0455693115073,1.67445689508836,4.67727,5.57076,5.29149,4320547713253716224
299214508,289.275695129067,53.3684536219491,27.0371,60.3443,124.06,4962.3,,0.19,8.89233,,84.4017644883766,17.8532293385078,2.9534,3.79185,3.54544,2139664063041544576
11450686,289.408662750478,-18.9529062865918,6.96813,-10.3407,-10.8924,4905.0,,,22.0542,,18.6108997103093,-14.1289332319281,4.01481,4.88,4.60919,4084276442652198400
159577231,290.985419747438,43.3881674808285,7.48735,14.8056,-27.8675,5140.0,,,11.4292,,75.3876562266169,12.8154764597802,5.07039,5.862,5.6169,2126062687590513408
112021355,292.23784695275,24.7686848857281,7.13975,8.75006,16.3337,4965.0,,,13.5508,,59.1067789466655,3.40261490972436,4.97077,5.80771,5.55556,2022884142834942464
135119948,293.52230511538,7.37893940703367,30.4139,213.068,-156.782,4490.94,,0.187692,8.06308,,44.4144338463454,-6.01261446826835,3.4288,4.44694,4.09522,4295095221652796160
242635343,293.780241357443,-10.5604447208596,7.35333,7.65644,-2.31596,4694.0,,,22.0567,,28.3010154758105,-14.4374477720857,4.12565,5.11709,4.76139,4193995745902661888
270858200,294.158234598179,44.6949333547672,24.2248,-94.6452,-104.758,5005.0,,0.15,5.13868,,77.6170467838879,11.3472303967708,4.367,5.1728,4.92711,2078403295235690112
95541810,294.32247183053,16.4628019764825,5.60673,16.3824,14.3641,5037.0,,,18.0005,,52.7721350741042,-2.31527570677048,4.83328,5.66305,5.41029,4321830946399905664
184306673,296.069188412658,37.3543547422498,11.0063,72.6602,35.7085,5050.0,,0.02,12.5825,,71.7597100052077,6.60370241089838,4.0826,4.88487,4.64408,2048824680109512320
435443105,296.952254668644,25.3840589710875,8.45753,67.7288,-21.8407,4898.0,,,10.8679,,61.7371062184582,-0.0178093354768479,5.13387,5.99103,5.72897,2020909965368561536
,,,,,,,,,,,,,,,,1823067317695766784
351295818,300.339853534359,50.1046919971157,7.22711,15.5204,5.80549,4779.0,,,21.2285,,84.4887240404281,10.2750902476874,4.13705,5.04897,4.75846,2087828961746272768
367561334,301.034646076451,7.27796403132473,5.9403,14.0394,12.1411,4990.05,,0.10261,18.7647,,48.0058114291608,-12.5684507932185,4.60863,5.51351,5.22394,4298688082015247744
88003319,304.19619278765,24.6711011015575,8.04606,15.139,-16.9537,5053.0,,,,,64.6066970236005,-5.96553254863174,4.49557,5.2965,5.05649,1832206046035389696
114532819,304.513568538347,-12.5448532849422,31.9795,60.534,2.81181,4944.5,,,8.49079,,31.0968707371466,-24.8098812356737,2.7108,3.56878,3.30248,6880093650314169984
136956988,305.96505587473,32.1901337918413,12.5628,53.1048,0.332077,4259.0,,0.0,23.882,,71.718939603511,-3.01817701957496,3.2658,4.41951,4.00165,1862193748217511040
219666637,306.418871451361,21.4096419294388,7.72852,8.0103,-7.37901,5097.0,,,12.2278,,63.0249330471387,-9.48162083691001,4.88991,5.68424,5.44374,1817144660868881664
243482572,309.645798022076,23.6804979133253,2.78772,4.01164,-5.55233,4802.0,,,37.3756,,66.6523269946991,-10.6130195609948,4.97407,5.93392,5.59901,1819326366813174784
195376497,310.013163983377,43.4588768381127,6.47816,-70.4823,-56.9379,4469.47,,,19.4711,,82.6926262109795,1.07802160238436,4.93713,5.97234,5.61057,2069603800593460224
372682437,311.322419834463,61.838782893357,69.73,83.47,818.15,4871.43,,-0.129592,,,97.8683168931741,11.6435239451425,2.5818,3.42154,3.15005,2195115561168483712
232821204,311.415639153467,30.7197117650654,16.6663,-9.16572,24.1054,4793.0,,,13.241,,73.3049128754895,-7.63141130276275,3.3175,4.20577,3.92861,1859330929165858560
232853959,311.552852831822,33.9702370092923,45.26,356.0,330.0,4724.04,,-0.0827534,,,75.9513508712712,-5.71543112392735,0.9093,2.47098,2.14467,1869302503206674304
29281992,312.955378949952,-26.9191364379645,3.13805,-9.26068,-1.59761,3964.0,,,170.68,,18.463876212773,-37.1832162906484,2.5276,4.12,3.43008,6801963487915169920
345312987,313.90287109421,13.7215344544182,6.40747,16.4028,-11.0469,4731.0,,,23.5587,,60.769997270015,-19.736560572722,4.24734,5.17313,4.888,1761510948746562816
313100058,314.107896715863,49.1958307101006,3.27043,14.3341,13.0673,5327.0,,,28.7143,,88.9313109158884,2.49077271412066,5.0213,5.901,5.63378,2168772460856481792
273546321,316.232756206088,43.9278564335325,2.77,9.0,0.1,3729.12,,,,,85.9294422332604,-2.0779317939126,2.2194,3.70856,3.0605,2162316545207257600
24806286,317.398537677415,-11.3716951063449,20.5599,92.9383,-14.3896,5093.0,,,7.87815,,38.4467760605192,-35.7744940857188,3.6991,4.50745,4.26089,6895103083539482496
364252614,320.26799660824,-4.56012590186676,9.53195,-10.9163,11.4555,5123.0,,,9.02116,,47.4723335754588,-35.1139168922957,5.0818,5.8657,5.63291,6911546760969258880
277247794,320.501742401394,49.3888453675755,10.4894,37.3958,61.5946,4756.0,,,11.0232,,91.9050061147944,-0.438073538690301,4.7553,5.67797,5.37486,2171040585855284480
288329878,320.561645319492,-16.8345507991575,16.1767,30.3775,6.49034,5174.32,,0.05,10.5852,,33.6249967194898,-40.7689597924302,3.5061,4.28,4.05534,6835905927256722688
99739806,322.180836001738,-21.8071833240862,18.2211,134.903,-4.67852,5050.0,,-0.01,9.01255,,27.9705343980656,-43.8673929578196,3.7501,4.5,4.27727,6828451375858909568
240455792,323.495218234836,45.5918309836403,25.6584,-23.8765,-91.7176,5080.41,,-0.0490618,8.00531,,90.7419480074513,-4.57955917628822,3.2115,3.98803,3.75812,1971163631220899968
326329862,325.664612538576,-18.8663293603251,10.844,147.293,-6.46946,5093.0,,,13.4244,,33.3784158425077,-46.0306001869294,3.9399,4.72,4.49446,6836557216095979136
333369648,326.251060621406,-9.0824299411309,4.14888,13.5613,-1.36646,4864.0,,,34.9292,,46.1721858559796,-42.509970327421,4.19564,5.07688,4.80459,2666164484444176256
292960724,330.270897679266,0.604716297404055,5.79564,6.61348,-10.6101,4433.98,,0.00982203,27.0522,,59.9515915562638,-40.5709138155211,4.48951,5.57801,5.20355,2680711298157124736
357256040,331.297225878274,26.6736890407337,7.40434,29.0042,30.367,4478.0,,,19.0215,,82.8475470931386,-22.976688676883,4.65225,5.73868,5.35397,1892029786488799232
418867115,331.419797209094,5.05853231643769,12.481,101.759,100.923,4166.0,,,22.0606,,65.3688678578123,-38.6365422941863,3.5632,4.84038,4.34054,2696225097987563136
27862117,333.033722649252,24.9506392119843,1.76121,10.1159,3.23254,4305.0,,,93.6005,,82.9690169282387,-25.3004758652828,4.6384,5.93937,5.43609,1879572044868061952
119763135,333.469697131054,39.7149289317539,5.58055,39.1554,18.4412,4306.0,,,53.686,,92.7625184500771,-13.7530798778178,3.24291,4.4893,4.00075,1955662200884781824
119894141,333.99239434295,37.7487345525256,5.84677,10.5857,-0.00441875,4140.0,,,69.3545,,91.9256247642385,-15.5906704194178,2.92645,4.10697,3.67297,1907131544341497600
330839736,334.110681181508,57.220236954058,5.27866,46.9101,5.30091,5215.0,,,16.0235,,103.123096507251,0.434228074980134,5.09706,5.87981,5.65047,2198492573700708608
335869806,334.200193444067,-12.831435347947,7.30316,2.97985,6.61566,4730.0,,,19.3271,,46.7245020727241,-51.15818649488,4.38611,5.33801,5.02434,2600669325556486784
38298299,334.208477510902,-7.78329552123668,18.4752,120.974,-20.4792,4979.41,,0.15,10.792,,53.5074977425087,-48.6249122226005,3.3522,4.17127,3.93663,2616542115933350144
439818836,334.277081078189,-5.38716667268957,9.71136,-4.51077,19.039,5220.0,,,9.05154,,56.5364898122869,-47.3453963962092,4.98315,5.75498,5.52573,2626111784104743936
39930163,335.883967522141,-7.19441480000161,6.99455,-0.651113,6.28697,5134.0,,,12.37,,55.6592221380709,-49.6862390545287,5.11624,5.91343,5.68416,2622551324935995136
12657311,336.112972124012,-13.529309359929,,,,,,,,,47.1174751200279,-53.1323526396704,4.9414,5.76744,5.51216,2599694230540900352
419842144,337.283259766254,9.1290347527307,4.61286,51.9832,-19.6392,3894.95,,,58.2058,,74.3858353051899,-39.9673123615562,4.10652,5.57826,4.96189,2711125851365977600
64557792,338.419371141942,56.6247367204727,9.37681,78.3789,41.6151,5081.72,,0.204199,10.0713,,104.800377311612,-1.31773455907449,4.89663,5.71487,5.46796,2006866663560075776
125206534,338.512140048389,-1.57426772964287,8.69085,42.0117,-36.3453,5064.3,,-0.00396668,10.5832,,64.8923890400711,-48.3357202655103,5.01111,5.86931,5.60719,2628940105968510208
420304740,340.076696558304,53.8459262429126,9.4629,6.08879,-18.6142,5063.0,,,9.08851,,104.251042640779,-4.20088136069494,5.1232,5.92452,5.68311,2003121005396125184
299208777,340.128573078796,44.2763044517642,9.99326,94.4262,11.6059,4281.68,,-0.213784,28.412,,99.5635842953513,-12.5743579511232,3.3641,4.49105,4.08626,1982252790090609152
379694055,340.489400404323,14.5163938862592,11.6995,94.5527,-20.8026,4709.0,,-0.02,9.14586,,81.9169414095462,-37.8356213785524,4.9622,5.92411,5.60181,2732372367384490880
128925287,341.022825943404,41.8192336563973,11.4726,-8.79215,3.63164,5030.43,,0.11,11.0477,,98.911774723008,-15.0367626172847,4.2926,5.10126,4.85744,1932994222486995968
434199907,341.632822684287,23.5656531845374,7.85157,57.4731,-9.18394,4889.66,,-0.0672,30.2697,,89.2580388908563,-31.0160175771052,3.08438,3.9463,3.67975,1876331990259358976
406406121,341.888015082121,-19.6133783177996,12.0902,-103.39,-205.545,4897.23,,-0.32,10.5601,,41.0959359637205,-60.6780930994106,4.4389,5.24,4.99175,2401210322775501184
377148985,342.420072784808,66.2004056276294,28.27,-66.0,-125.0,4715.08,,-0.025,,,111.06515132924,6.17502064792668,2.5549,3.5002,3.22161,2211820991085587584
44155570,342.500781373764,24.6015712151685,28.385,150.007,-40.2181,4997.17,,0.0286105,9.46942,,90.6795706323813,-30.5580879078615,2.6696,3.50019,3.26568,1876510592179455744
129483950,343.529093856836,40.3768704706484,10.3471,106.91,36.0872,4684.0,,,11.018,,99.9381536401396,-17.1988380267162,4.8592,5.815,5.49563,1929469531805599360
270377675,345.024124347226,-25.1641811184755,5.0829,35.496,-79.4368,4435.0,,,29.7902,,31.1049612535169,-64.9864753157544,4.53714,5.66,5.25106,2383582677481188864
310805963,345.17875108735,3.01180352657351,7.40837,4.95344,-83.6646,4226.88,,0.031,22.4576,,77.0604038303119,-49.7366681176337,4.66331,5.84605,5.4029,2655904357329351552
278870128,345.382121589685,-4.71146067030671,3.22477,11.8108,8.61579,5038.0,,,28.315,,68.6030950712508,-55.5253687419776,5.0839,5.9275,5.67451,2635933029985529472
427550855,345.8870114858,67.2092092096058,8.30408,22.3807,10.6088,4544.48,,0.264871,20.2332,,112.746726564038,6.49585188592192,4.19201,5.22325,4.87106,2212347171817904640
204350437,347.361650351214,-21.1724050479725,13.1759,53.4417,27.8541,4439.0,,,27.4201,,41.7604926303085,-66.0316585256036,2.6241,3.68198,3.32761,2386316510063903616
97130650,347.677651897845,17.5943725862205,6.52227,24.8007,-27.0424,4400.0,,,24.037,,91.4514875019146,-39.0424334929257,4.51736,5.65357,5.24581,2818605449444184192
4610441,348.972896892092,-9.08773367264332,22.6884,368.372,-17.1669,4658.92,,-0.0164009,10.3947,,67.0720915976771,-61.1120398950041,3.3221,4.23946,3.95311,2630155547353593216
262691761,349.29140069549,3.28228643900163,24.1899,760.266,18.5784,4834.68,,-0.515556,11.3065,,82.4825169262731,-52.0273527142619,2.8162,3.69252,3.41425,2658974606111711488
24791207,349.874195873419,48.6253226259041,11.5097,22.5966,52.689,4860.0,,,10.4426,,107.660134653923,-11.5011536312213,4.5688,5.45179,5.1653,1942451431236802816
,,,,,,,,,,,,,,,,2392584791494639744
,,,,,,,,,,,,,,,,2391835199442300544
354356126,351.992062379517,6.37899211482325,23.0027,-125.754,-43.1925,4746.81,,0.138667,9.64466,,88.8044669488332,-50.8776785558906,3.3625,4.26653,3.97546,2661524098698483456
270267986,356.985591997635,-2.76159875822223,10.8983,94.9977,5.46148,5074.91,,0.0391114,9.51354,,88.2760912434326,-61.285500729532,4.6878,5.49086,5.24602,2447690110960258176
455737585,357.420665861966,36.4252800620168,7.16923,-0.857702,-47.4024,5145.51,,-0.201061,12.1038,,109.283143814096,-24.804333970301,5.10479,5.87371,5.63681,2879545297298063488
228382044,357.638686356561,-14.4014986314053,5.51212,37.3729,-21.3161,4013.74,,-0.0489822,40.3249,,71.7804748287857,-70.9428160536694,4.28886,5.70234,5.10898,2419364634139939840
9710105,358.210538591329,-8.99675825891914,7.05477,62.6287,-24.2801,4629.0,,,17.5417,,82.8252763701154,-67.18628354568,4.76069,5.74454,5.41762,2435271676880027008
407995674,359.668221873035,-3.5559765400342,30.3052,-57.8584,-69.9602,5020.16,,0.0552632,4.76642,,92.5115912931338,-63.2677194116368,4.0432,4.88295,4.59657,2448049586839781376